date,ETH,LTC,DASH,XRP,BTC
2015-08-08,-72.8041516245,-8.55106888361,-5.52147239264,3.97448478901,-6.64568280993
2015-08-09,-6.82680118143,1.2987012987,0.974025974026,3.91694195375,1.5632183908
2015-08-10,0.933327824453,1.28205128205,-0.96463022508,-0.658492279746,-0.230119209295
2015-08-11,51.0343737296,5.3164556962,2.5974025974,-1.81714285714,2.23843914244
2015-08-12,14.0186915888,-4.08653846154,-3.16455696203,-3.7248283087,-1.48304301195
2015-08-13,50.0,-2.75689223058,0.0,-1.49921412163,-0.863428185299
2015-08-14,0.0,3.86597938144,-0.980392156863,2.3321468025,0.605877006968
2015-08-15,-7.65027322404,-2.48138957816,-1.6501650165,0.995561952741,-1.55450165613
2015-08-16,-7.10059171598,0.508905852417,-1.34228187919,-1.24703087886,-1.16230166316
2015-08-17,-23.5668789809,0.759493670886,-1.02040816327,-0.168370414913,-0.205021082357
2015-08-18,-9.16666666667,-12.8140703518,-8.24742268041,-9.02300927599,-18.179703853
2015-08-19,15.5963302752,0.28818443804,-1.12359550562,2.72775423729,7.39056281978
2015-08-20,15.873015873,3.73563218391,5.30303030303,1.4694508894,3.82477501323
2015-08-21,-4.1095890411,-1.108033241,-0.719424460432,0.114329268293,-1.18121946038
2015-08-22,-1.42857142857,-1.68067226891,-2.89855072464,-2.01751046821,-0.937352195038
2015-08-23,-2.17391304348,-3.4188034188,-1.49253731343,-2.2015022015,-0.963583488867
2015-08-24,-8.88888888889,-11.7994100295,-9.84848484848,-2.05243644068,-7.74422579656
2015-08-25,-7.31707317073,-1.67224080268,6.3025210084,-3.66364742463,5.27790973872
2015-08-26,1.75438596491,0.340136054422,3.16205533597,5.13612124614,1.90424619828
2015-08-27,-0.862068965517,-2.71186440678,-1.91570881226,0.787506673785,-0.469379621839
2015-08-28,3.47826086957,1.393728223,1.5625,-1.56270692623,2.94968189705
2015-08-29,-0.840336134454,-1.03092783505,0.0,4.2782187542,-0.700086430424
2015-08-30,11.8644067797,-1.04166666667,-1.53846153846,3.85756676558,-0.443902863609
2015-08-31,3.0303030303,-0.350877192982,0.78125,-2.06211180124,0.568281168036
2015-09-01,-0.735294117647,-0.704225352113,-1.5503875969,-0.875190258752,-0.843258280449
2015-09-02,-4.44444444444,-0.709219858156,-1.1811023622,-1.47152911068,0.508504295985
2015-09-03,-2.32558139535,-6.07142857143,-1.59362549801,-3.49350649351,-0.915910676902
2015-09-04,0.793650793651,2.66159695817,-0.80971659919,-1.02274256493,1.37336033102
2015-09-05,5.51181102362,8.14814814815,2.44897959184,6.8660774983,2.04950065132
2015-09-06,-2.98507462687,4.45205479452,-0.796812749004,0.394402035623,2.05088928602
2015-09-07,-3.84615384615,0.0,-4.41767068273,0.342161956659,0.00416944629753
2015-09-08,-0.8,0.0,-2.10084033613,-1.09876231372,1.5676464457
2015-09-09,-2.41935483871,-4.26229508197,4.72103004292,-1.95377346444,-2.23307745987
2015-09-10,-3.30578512397,1.02739726027,-2.45901639344,-0.195363375879,0.130159130033
2015-09-11,-15.9847863248,0.338983050847,0.0,10.1918308756,0.683495471318
2015-09-12,5.80094366303,-4.39189189189,2.10084033613,-2.92515395547,-2.03240181583
2015-09-13,-9.99971153846,-0.353356890459,-3.7037037037,4.08686104672,-2.006546784
2015-09-14,-6.45094086237,0.709219858156,-1.28205128205,-13.2208157525,0.0563966856102
2015-09-15,7.85590129074,-0.704225352113,0.4329004329,4.2679632631,-0.14741588623
2015-09-16,-3.94267320338,-0.709219858156,2.15517241379,-3.80829015544,-0.525401650022
2015-09-17,-3.63149337228,3.92857142857,0.0,-0.727174791274,0.314286961456
2015-09-18,-2.35017975798,1.71821305842,3.79746835443,2.12967986978,1.37504895348
2015-09-19,3.36259861659,-3.04054054054,-4.06504065041,-0.62425288883,-0.635274928102
2015-09-20,6.35251266162,-0.696864111498,1.27118644068,2.07163859931,-0.120955548836
2015-09-21,-2.06703642728,-1.75438596491,-1.67364016736,-5.10671729737,-1.78192984732
2015-09-22,-1.87705307781,1.42857142857,4.68085106383,-1.09010625086,1.55444977762
2015-09-23,-0.930365625929,1.05633802817,-1.21951219512,-6.97544642857,-0.14742867054
2015-09-24,-8.93166152902,2.09059233449,0.411522633745,0.629874025195,1.84557929477
2015-09-25,-9.51155959243,-1.36518771331,0.409836065574,-0.894187779434,0.2600946574
2015-09-26,6.7562409759,0.0,-4.89795918367,-2.24060150376,-0.340222845964
2015-09-27,-8.28600292125,-0.692041522491,1.28755364807,0.538378710968,-0.674234018947
2015-09-28,-19.1378379916,6.96864111498,0.847457627119,-3.71787025704,2.74102079395
2015-09-29,13.426296051,-3.25732899023,-1.68067226891,-11.3459399333,-1.02450447437
2015-09-30,11.7217679605,1.3468013468,0.0,-1.05753719305,-0.266170940893
2015-10-01,-6.55647375461,-0.332225913621,-2.13675213675,-1.30434782609,0.631195458782
2015-10-02,-1.686575922,-0.333333333333,-3.05676855895,7.70925110132,-0.10945064197
2015-10-03,1.26692151482,1.33779264214,-2.25225225225,-5.98159509202,0.606852374731
2015-10-04,-2.73469049189,-0.660066006601,0.0,-5.09334783397,-0.196875130901
2015-10-05,-5.94512993377,0.332225913621,7.83410138249,-4.35446906035,0.889784269286
2015-10-06,3.49991966824,4.30463576159,2.13675213675,6.38977635783,2.36292536817
2015-10-07,-6.34093860707,-2.85714285714,0.418410041841,0.882132132132,-1.25579127042
2015-10-08,2.02301325264,0.0,-0.833333333333,-6.4,-0.275754208338
2015-10-09,4.65035482439,1.6339869281,-0.840336134454,-0.954084675015,0.672719768882
2015-10-10,-3.49984937629,0.0,2.96610169492,1.08368452739,0.414053211987
2015-10-11,1.13178637811,1.28617363344,-1.64609053498,2.87869763748,0.86143545358
2015-10-12,-1.40685362769,-0.31746031746,-2.09205020921,1.5052103435,-0.704310868245
2015-10-13,-2.93516285162,1.27388535032,0.42735042735,2.22433460076,1.71211935918
2015-10-14,-13.93669105,-1.25786163522,-1.27659574468,0.762506974149,0.993948138351
2015-10-15,7.44022578819,-1.27388535032,-3.01724137931,-0.350682908822,0.924639866661
2015-10-16,-4.5175287162,0.322580645161,4.0,-0.018521948509,3.36190625983
2015-10-17,1.99125807323,-1.28617363344,3.84615384615,-3.61244905521,2.95583368205
2015-10-18,-5.38106429718,-1.62866449511,-2.46913580247,-4.30520853354,-3.32545078333
2015-10-19,-5.54725013231,0.993377483444,-1.26582278481,1.28539867443,0.687968200581
2015-10-20,-11.0804598641,1.31147540984,2.99145299145,-6.18679357525,2.28515031886
2015-10-21,2.87469327023,-0.323624595469,-5.39419087137,-0.718664130205,-1.18384917984
2015-10-22,26.9092770645,0.974025974026,5.70175438596,0.55354481584,2.91057948699
2015-10-23,-4.94009180873,0.0,-3.31950207469,-0.973957230574,0.905043427487
2015-10-24,4.43485399059,-0.32154340836,-3.86266094421,-0.320718409237,1.86256781193
2015-10-25,9.30623325467,-0.967741935484,-3.125,-2.2737022737,0.720752707261
2015-10-26,18.7127763015,0.977198697068,3.22580645161,2.61194029851,0.571065989848
2015-10-27,18.9143695552,-0.322580645161,-6.25,-0.55614973262,2.97581493165
2015-10-28,14.9899786234,0.323624595469,1.90476190476,0.559260055926,3.68630654549
2015-10-29,21.0,21.935483871,11.6822429907,-0.877005347594,3.03328737443
2015-10-30,-14.0495867769,7.40740740741,6.27615062762,4.42382391023,4.50837953228
2015-10-31,-11.8627884615,-6.4039408867,-9.05511811024,-3.14114486464,-4.21938355538
2015-11-01,15.6413677537,4.21052631579,15.1515151515,4.56582035417,3.58404685361
2015-11-02,-6.62367924528,5.05050505051,-1.87969924812,5.20301979188,10.9885382417
2015-11-03,2.04195035508,10.3365384615,3.06513409962,4.40263770365,11.6919073064
2015-11-04,-10.9851485149,-7.8431372549,-2.97397769517,-8.09957272896,2.01774825244
2015-11-05,-0.379622935321,-6.3829787234,-3.06513409962,-8.9144936325,-6.12547380698
2015-11-06,3.39367399962,-10.3535353535,6.71936758893,1.24278739458,-3.07493205643
2015-11-07,0.209711975396,1.40845070423,0.37037037037,2.89346777729,3.20719950864
2015-11-08,10.9944890697,-5.0,-6.64206642066,-1.00127822752,-3.39215483337
2015-11-09,-2.9827184466,-0.584795321637,0.0,-0.817731870024,1.84535447411
2015-11-10,-6.49769133314,-8.23529411765,-4.34782608696,-4.4044261228,-11.4237626887
2015-11-11,-15.2533103298,-4.80769230769,-5.37190082645,-3.22287789378,-7.64206401045
2015-11-12,13.119246706,10.4377104377,10.9170305677,6.49624765478,8.70194162273
2015-11-13,0.936127835876,-1.5243902439,-0.393700787402,-1.40938119357,-0.414017447878
2015-11-14,-1.69052843946,-1.23839009288,-6.71936758893,-3.32812150994,-1.14031180401
2015-11-15,1.9752208566,-3.76175548589,-2.1186440678,-3.76617375231,-3.82686011234
2015-11-16,2.49280645389,3.90879478827,0.0,1.65666266507,3.3044944873
2015-11-17,8.72349999246,0.313479623824,-2.1645021645,0.377893245158,1.31216931217
2015-11-18,-1.65158415842,-0.3125,4.42477876106,0.188235294118,-0.149213644096
2015-11-19,-3.80411529428,-1.88087774295,-6.35593220339,-0.845467355566,-2.5224902119
2015-11-20,-3.2036603693,-0.319488817891,0.904977375566,0.118427285647,-1.26628851755
2015-11-21,5.53777624011,0.961538461538,-1.34529147982,0.425833924769,1.52475001553
2015-11-22,-0.832052779314,-0.31746031746,-6.36363636364,0.518256772674,-0.731043342612
2015-11-23,-2.17444303722,-0.636942675159,3.88349514563,0.492149050855,-0.459111357614
2015-11-24,-4.93976043566,-0.320512820513,-2.80373831776,-1.07276119403,-0.928648815973
2015-11-25,-4.07180253968,7.39549839228,3.36538461538,1.7916077322,2.54960162475
2015-11-26,2.39086454894,8.08383233533,1.86046511628,-0.625289485873,7.45559245605
2015-11-27,-1.83581905556,-0.831024930748,-1.3698630137,-0.349568865066,1.51979131224
2015-11-28,5.50169306793,-1.67597765363,-3.7037037037,-0.88868101029,-0.184336945593
2015-11-29,-4.05033072951,4.26136363636,3.36538461538,1.43935818782,3.89221556886
2015-11-30,-0.62541684972,-1.36239782016,0.93023255814,-2.27959990696,1.62406744055
2015-12-01,0.192528166264,-5.24861878453,-4.14746543779,-2.64222804094,-3.93035089579
2015-12-02,-6.12597165066,-2.62390670554,4.80769230769,2.0293398533,-0.91036994124
2015-12-03,-1.10410248292,1.19760479042,7.33944954128,2.13275820752,0.51783178819
2015-12-04,3.43510933419,-0.591715976331,0.0,11.5438761145,0.58994599086
2015-12-05,2.66617938886,4.7619047619,-0.854700854701,11.5061001262,7.09565504708
2015-12-06,-3.12347090458,-1.42045454545,0.862068965517,0.811167704207,-0.0437074174058
2015-12-07,-2.90077797726,5.18731988473,-0.42735042735,4.04191616766,1.73877257061
2015-12-08,1.33791219628,1.09589041096,3.00429184549,21.8525179856,5.06143500025
2015-12-09,-3.64315098319,-0.542005420054,4.58333333333,25.8007380074,0.481278275099
2015-12-10,6.08823644509,-0.272479564033,-2.78884462151,-0.926903672416,-0.498132004981
2015-12-11,10.6337964483,4.91803278689,10.2459016393,-0.035528185694,8.77539231732
2015-12-12,5.07775108038,-5.98958333333,-4.08921933086,1.12545906883,-3.7482851706
2015-12-13,-2.46567714768,0.554016620499,5.81395348837,2.84676663543,-0.287356321839
2015-12-14,4.21226508158,-0.550964187328,-1.4652014652,-13.2703041349,2.40461095101
2015-12-15,1.70973049942,6.09418282548,-0.371747211896,-12.2143420016,4.75933180242
2015-12-16,-1.86316831683,-3.39425587467,0.373134328358,1.06223818073,-2.23287200206
2015-12-17,-5.09301016362,1.08108108108,-2.97397769517,-0.903034789045,0.252786142923
2015-12-18,-2.18709239174,0.534759358289,1.53256704981,-4.58619659396,1.65321873356
2015-12-19,-1.31014522995,-1.06382978723,-1.50943396226,-1.50305307656,-0.280402053406
2015-12-20,-0.46108678607,-4.83870967742,-4.59770114943,-0.890160546813,-4.2459768126
2015-12-21,-0.344512852852,-2.25988700565,-0.803212851406,0.545308740978,-0.914861415437
2015-12-22,-4.05974437454,-1.15606936416,3.23886639676,-1.21231456373,-0.471913186212
2015-12-23,-0.708746334769,4.6783625731,-0.78431372549,-2.77732924269,1.33541012896
2015-12-24,0.604258126019,1.67597765363,9.48616600791,-0.830426839395,2.84584086799
2015-12-25,0.822577618382,-0.549450549451,2.16606498195,8.64176854798,0.145058133146
2015-12-26,-1.81073873775,-5.52486187845,-2.12014134276,-4.82503468475,-8.42313178975
2015-12-27,0.206177605274,1.75438596491,-4.3321299639,2.73728539035,1.33007405277
2015-12-28,-1.32653716581,-0.287356321839,12.4528301887,-0.0472962320668,-0.127713920817
2015-12-29,3.31938864267,0.864553314121,3.69127516779,-1.19873817035,2.53386378706
2015-12-30,4.45608175439,-1.14285714286,13.9158576052,-1.30906768838,-1.46889001801
2015-12-31,2.36677566291,0.578034682081,-7.10227272727,-2.29699126496,0.9258825184
2016-01-01,1.55129603167,0.862068965517,3.36391437309,-1.40728476821,0.873261026082
2016-01-02,-1.14975992169,-0.2849002849,-2.95857988166,1.84718723762,-0.204913314761
2016-01-03,3.71146187698,-0.571428571429,-1.21951219512,-0.791426215993,-0.791343669251
2016-01-04,-1.79287070238,0.574712643678,2.46913580247,-0.980555093901,0.716262412502
2016-01-05,-0.450926158746,-0.857142857143,0.301204819277,1.4434373951,-0.260915744995
2016-01-06,0.0719866635234,-0.576368876081,1.5015015015,-0.678358702846,-0.65978331327
2016-01-07,-0.931262225775,4.34782608696,0.0,0.599700149925,6.74419146606
2016-01-08,4.75411489323,-0.833333333333,-2.07100591716,-1.75525749296,-1.05228686825
2016-01-09,0.0044589066153,-0.280112044818,-3.92749244713,0.825889094893,-1.2399885268
2016-01-10,1.25634225852,-0.561797752809,3.45911949686,-0.434637245069,0.0848953329908
2016-01-11,6.08157673251,0.564971751412,-4.25531914894,-1.0241773002,0.0982164780464
2016-01-12,7.54716981132,-1.96629213483,-3.80952380952,-0.69550466497,-2.84102312513
2016-01-13,-0.877192982456,-0.286532951289,2.3102310231,-1.02494021182,-0.762009685786
2016-01-14,5.30973451327,-0.287356321839,9.67741935484,-4.57369692786,-0.476443786572
2016-01-15,1.68067226891,-13.5446685879,-1.17647058824,-5.42593597396,-15.3331319281
2016-01-16,0.826446280992,3.0,15.7738095238,-2.23752151463,6.37059808415
2016-01-17,9.01639344262,-1.94174757282,27.2493573265,3.01251956182,-1.35211849099
2016-01-18,7.51879699248,0.660066006601,-11.7171717172,1.13938473224,1.27386868951
2016-01-19,-4.1958041958,-0.983606557377,-11.4416475973,-1.03266992114,-1.81315701113
2016-01-20,11.6788321168,12.2516556291,23.2558139535,2.08689053311,10.543206629
2016-01-21,1.30718954248,-5.01474926254,7.96645702306,-1.26370563092,-2.37251029198
2016-01-22,-3.22580645161,-4.34782608696,-0.388349514563,-3.74552983249,-6.76887827232
2016-01-23,31.3333333333,0.649350649351,-12.4756335283,0.117324990223,1.30722371827
2016-01-24,8.62944162437,2.58064516129,-2.00445434298,1.93359375,3.99494180495
2016-01-25,16.8224299065,-1.57232704403,-8.63636363636,-1.60950373635,-2.78928952527
2016-01-26,-8.8,0.638977635783,12.4378109453,5.53067185979,0.107216705384
2016-01-27,4.82456140351,4.44444444444,-7.0796460177,20.0590514855,0.71911258447
2016-01-28,5.85774058577,-5.16717325228,0.47619047619,-4.30371964341,-3.7167379801
2016-01-29,-1.58102766798,-0.320512820513,4.02843601896,9.86186957918,-0.215624917826
2016-01-30,-1.60642570281,-0.96463022508,-2.27790432802,-3.01169590643,-0.321501040926
2016-01-31,-5.71428571429,-0.974025974026,-4.1958041958,-3.542357552,-2.50627891606
2016-02-01,-4.329004329,0.983606557377,0.243309002433,2.23472417565,1.16332673482
2016-02-02,10.407239819,0.0,-0.242718446602,3.45460103944,0.372594220769
2016-02-03,3.68852459016,-0.974025974026,1.70316301703,1.69917257683,-1.20176258512
2016-02-04,1.97628458498,3.60655737705,2.63157894737,1.26398372803,5.30882551696
2016-02-05,-1.5503875969,-0.632911392405,-0.2331002331,4.1893830703,-0.780307502759
2016-02-06,-0.393700787402,-1.27388535032,-2.10280373832,9.08840539796,-2.59474841547
2016-02-07,16.9960474308,-0.322580645161,0.477326968974,5.25119919212,0.0265590141294
2016-02-08,7.43243243243,-0.970873786408,-1.18764845606,-4.1616694651,-0.841697201423
2016-02-09,27.0440251572,0.653594771242,-4.56730769231,-2.20247778751,0.690855536216
2016-02-10,9.90099009901,0.649350649351,-3.27455919395,0.486244401791,1.49456160413
2016-02-11,35.3603603604,-0.645161290323,-15.1041666667,-0.483891506431,-0.524040351107
2016-02-12,-7.65391014975,0.974025974026,16.2576687117,2.09852847089,1.21427630712
2016-02-13,-2.88288288288,0.64308681672,-0.527704485488,3.48414588294,1.97782751262
2016-02-14,-2.78293135436,2.55591054313,0.79575596817,4.0329417464,3.92231919563
2016-02-15,0.954198473282,-0.934579439252,-0.526315789474,0.477299185099,-1.72875279326
2016-02-16,-18.3364839319,0.943396226415,-7.93650793651,-2.08550573514,1.82413353657
2016-02-17,-12.962962963,0.934579439252,5.74712643678,-3.7037037037,2.1669243417
2016-02-18,17.0212765957,0.308641975309,-4.07608695652,-1.7571884984,1.45320906995
2016-02-19,7.72727272727,0.0,-0.56657223796,3.12695434647,-0.374079598456
2016-02-20,-8.4388185654,6.46153846154,3.7037037037,0.0970285021225,3.89030157561
2016-02-21,7.14285714286,0.0,9.89010989011,-1.85387131952,0.37514868698
2016-02-22,20.8602150538,0.578034682081,5.0,-0.617283950617,-0.239288969918
2016-02-23,-0.533807829181,-2.29885057471,-9.52380952381,-0.993788819876,-3.88577955454
2016-02-24,11.6279069767,-0.882352941176,5.78947368421,1.32998745295,1.00061795883
2016-02-25,-2.24358974359,0.0,-2.73631840796,-0.606736007925,-0.0964819390516
2016-02-26,-2.95081967213,1.48367952522,1.53452685422,0.38619658652,1.79252838366
2016-02-27,8.61486486486,-0.292397660819,2.77078085642,-1.06726234798,0.0856184195303
2016-02-28,0.622083981337,0.879765395894,-1.96078431373,-1.04114400401,0.226579117729
2016-02-29,-2.00927357032,0.290697674419,-2.0,0.430979845354,0.968858131488
2016-03-01,20.6624605678,-0.579710144928,-0.510204081633,1.04758298624,-0.589444825223
2016-03-02,10.7189542484,-1.74927113703,-0.512820512821,0.299775168624,-2.55791505792
2016-03-03,9.68122786305,-1.48367952522,21.3917525773,1.64383561644,-0.551899808958
2016-03-04,12.0559741658,-2.10843373494,-1.69851380042,-0.808625336927,-2.54002134472
2016-03-05,5.66762728146,-1.84615384615,5.18358531317,-2.69268774704,-2.52348274687
2016-03-06,3.45454545455,0.940438871473,-5.95482546201,-0.2284843869,1.78245999451
2016-03-07,-16.0808435852,1.55279503106,-6.1135371179,0.737913486005,1.62125039857
2016-03-08,3.14136125654,-0.611620795107,6.97674418605,0.391513008335,-0.0844757675227
2016-03-09,20.8121827411,0.923076923077,-0.652173913043,1.34608126808,0.214991424499
2016-03-10,-5.04201680672,0.30487804878,7.65864332604,1.66335650447,0.547172540134
2016-03-11,-1.94690265487,2.73556231003,4.67479674797,7.48473748474,1.09318437897
2016-03-12,22.1119133574,-2.66272189349,3.1067961165,-1.17005566284,-2.38801014964
2016-03-13,6.94752402069,0.607902735562,6.96798493409,-0.747126436782,0.592779748312
2016-03-14,-13.9599170698,-0.302114803625,-2.46478873239,-1.80660104227,0.574795923296
2016-03-15,4.49799196787,0.30303030303,5.41516245487,-3.45559617879,0.0936509461147
2016-03-16,-3.76633358955,0.0,8.3904109589,-0.097727827999,0.0431830722357
2016-03-17,-11.5015974441,0.0,-5.52922590837,1.33284421619,0.86568667418
2016-03-18,-0.72202166065,-4.22960725076,-0.501672240803,-2.02727163026,-2.63182920451
2016-03-19,-4.27272727273,0.315457413249,0.672268907563,-1.26862914152,0.217311683555
2016-03-20,-1.9943019943,0.943396226415,2.17028380634,-0.698602794411,0.806451612903
2016-03-21,14.9224806202,-0.311526479751,-1.79738562092,1.09296482412,-0.106344410876
2016-03-22,-4.97470489039,0.9375,1.33111480865,0.782900459799,1.15651690015
2016-03-23,10.2040816327,0.30959752322,8.21018062397,2.73736128237,-0.011959147552
2016-03-24,-9.58132045089,-0.617283950617,1.062215478,-1.22419587134,-0.394699071859
2016-03-25,-4.36331255565,0.310559006211,11.7117117117,-0.473876063183,0.189725978049
2016-03-26,2.14152700186,0.0,-3.09139784946,-1.52606519351,0.18217555971
2016-03-27,-5.01367365542,2.16718266254,-2.21914008322,-0.45871559633,2.11035076805
2016-03-28,11.9961612284,-1.21212121212,0.141843971631,-5.79150579151,-0.592839066454
2016-03-29,-0.0856898029135,-0.920245398773,0.28328611898,0.0264410364886,-1.81741036702
2016-03-30,2.487135506,-0.30959752322,-4.23728813559,-3.09278350515,-0.408143666571
2016-03-31,-4.60251046025,1.24223602484,1.47492625369,0.804691762139,0.460440673063
2016-04-01,2.28070175439,-0.613496932515,2.76162790698,0.365309159789,0.295155136419
2016-04-02,-0.514579759863,0.617283950617,-0.2828854314,1.11889997304,0.696238874533
2016-04-03,0.172413793103,0.0,-0.709219858156,0.0266631115851,0.00712809180982
2016-04-04,-3.9586919105,-0.306748466258,-0.571428571429,-0.15993602559,0.128296507484
2016-04-05,-6.45161290323,0.0,1.58045977011,-0.226938993459,0.614559605163
2016-04-06,2.39463601533,0.307692307692,-0.707213578501,-2.3815895103,-0.146216069618
2016-04-07,-5.79981290926,-0.306748466258,-1.7094017094,-5.77028508772,-0.155877282067
2016-04-08,-3.47567030785,-0.923076923077,1.30434782609,-2.96727272727,-0.567711413365
2016-04-09,-5.86419753086,0.0,-4.43490701001,-5.74126817569,-0.223623171167
2016-04-10,-2.29508196721,0.310559006211,-2.09580838323,-5.5820610687,0.512624877805
2016-04-11,-3.35570469799,0.30959752322,-2.90519877676,1.86963112683,0.218237024386
2016-04-12,-13.8888888889,0.617283950617,2.36220472441,-2.69510582011,0.641450482863
2016-04-13,8.06451612903,-0.613496932515,0.153846153846,-3.22854715378,-0.343375902538
2016-04-14,4.35323383085,0.0,-1.53609831029,10.4302019315,0.129799636561
2016-04-15,-1.78784266985,1.23456790123,-5.92823712949,2.14660518365,1.27981521637
2016-04-16,4.49029126214,-0.30487804878,4.4776119403,1.33872976339,0.20013497475
2016-04-17,8.13008130081,-0.305810397554,1.5873015873,-0.168970814132,-0.736233365074
2016-04-18,-2.90010741139,-0.613496932515,-2.65625,7.508847515,0.278427702387
2016-04-19,-3.65044247788,1.54320987654,2.56821829856,1.87491054816,1.61459670081
2016-04-20,-2.75545350172,-0.303951367781,-0.625978090767,1.77016015735,1.35014121375
2016-04-21,-4.36835891381,2.13414634146,-2.51968503937,2.60905577029,1.8215183851
2016-04-22,-3.45679012346,-0.89552238806,1.45395799677,-2.00457419615,-0.82103998398
2016-04-23,6.01023017903,0.301204819277,3.66242038217,0.851180669962,1.01853098219
2016-04-24,-3.49819059107,9.00900900901,-1.0752688172,-1.29322080044,1.83885582304
2016-04-25,-5.625,4.95867768595,-4.19254658385,0.441318438836,0.625872295883
2016-04-26,-1.98675496689,6.29921259843,-1.45867098865,-2.5813538377,1.00990399411
2016-04-27,4.86486486486,-3.95061728395,3.28947368421,-5.21494009866,-4.59138792937
2016-04-28,-7.60309278351,-2.5706940874,2.86624203822,-0.579925650558,0.971463266545
2016-04-29,4.04463040446,0.527704485488,2.16718266254,1.09183368232,1.35631723124
2016-04-30,18.0965147453,-3.93700787402,3.48484848485,0.784139665631,-1.48978246539
2016-05-01,0.454029511918,1.36612021858,-0.585651537335,-0.308279506753,0.794075660243
2016-05-02,14.802259887,-0.808625336927,0.589101620029,-1.1338536298,-1.59555634239
2016-05-03,-8.36614173228,1.63043478261,-0.439238653001,-2.29371462615,1.26610745047
2016-05-04,1.07411385607,0.267379679144,0.588235294118,-3.61280487805,-0.79502553853
2016-05-05,4.46333687566,-1.06666666667,-0.292397660819,-2.05598608256,0.282055873925
2016-05-06,-4.88301119023,2.96495956873,-0.733137829912,3.32633618602,2.59386579758
2016-05-07,0.213903743316,3.40314136126,-2.80649926145,1.42209720269,-0.230635335074
2016-05-08,1.17395944504,-0.253164556962,1.6717325228,-1.3251155624,0.00218083482357
2016-05-09,-1.89873417722,3.04568527919,-1.49476831091,-0.0780762023735,0.420891941991
2016-05-10,0.645161290323,-5.91133004926,3.03490136571,-1.98468510705,-2.08260945101
2016-05-11,6.83760683761,1.57068062827,-0.441826215022,-1.32334183673,0.408081793786
2016-05-12,0.6,-0.515463917526,0.295857988166,-0.35546938116,0.450599695183
2016-05-13,4.4731610338,1.81347150259,2.80235988201,-0.940489703259,0.197902236295
2016-05-14,-2.56898192198,2.03562340967,-0.286944045911,-0.589294483549,0.0
2016-05-15,-2.734375,1.24688279302,0.719424460432,-0.197595916351,0.416968420129
2016-05-16,12.1485943775,-1.2315270936,3.85714285714,-0.643458175219,-0.745241165286
2016-05-17,9.22112802149,-0.74812967581,1.9257221458,0.016605778811,-0.0836709529681
2016-05-18,11.1475409836,0.502512562814,-0.269905533063,0.0830151087498,0.18511172815
2016-05-19,8.92330383481,-4.25,4.1948579161,0.0663570006636,-3.49962606133
2016-05-20,-7.65064319567,1.30548302872,3.24675324675,0.862068965517,0.904925805202
2016-05-21,2.78592375367,1.80412371134,3.64779874214,-1.54503616042,0.115207373272
2016-05-22,1.92582025678,-0.506329113924,-1.69902912621,-0.901502504174,-0.873214648345
2016-05-23,-5.80825752274,1.01781170483,0.0,-0.454851752022,1.09942638623
2016-05-24,-5.4234769688,-0.503778337531,-4.1975308642,0.896936875952,0.412022965214
2016-05-25,-1.57109190888,2.53164556962,-1.93298969072,-3.45521637035,0.811695591731
2016-05-26,-0.798084596967,0.740740740741,-2.89093298292,-1.51146629604,0.840747330961
2016-05-27,-9.09090909091,10.2941176471,1.48849797023,0.176397953784,4.42895584278
2016-05-28,5.22123893805,4.44444444444,4.66666666667,0.0528262017961,11.950323153
2016-05-29,3.86879730866,-1.91489361702,4.33121019108,-0.35198873636,-0.71881367444
2016-05-30,3.07692307692,1.30151843818,0.1221001221,1.51889791593,1.44993633962
2016-05-31,10.6048703849,-0.428265524625,-0.243902439024,-0.730688935282,-0.462668115236
2016-06-01,-0.568181818182,1.93548387097,0.977995110024,1.80511742026,1.04066693013
2016-06-02,-1.85714285714,-0.42194092827,-1.93704600484,-0.740230676536,0.195559859942
2016-06-03,0.80058224163,2.96610169492,-0.493827160494,1.05792577177,5.80329758165
2016-06-04,-0.794223826715,-1.02880658436,-0.124069478908,-0.806590012013,0.621936435988
2016-06-05,1.67394468705,0.0,-5.83850931677,0.276816608997,0.392855272118
2016-06-06,-0.286327845383,3.1185031185,2.50659630607,-0.465838509317,1.83658562037
2016-06-07,4.16367552046,-3.83064516129,1.8018018018,0.190674293638,-1.52679577826
2016-06-08,-0.620261888353,-0.41928721174,-0.379266750948,-0.173010380623,0.874089490114
2016-06-09,-0.138696255201,-1.26315789474,-0.761421319797,0.311958405546,-1.20521284643
2016-06-10,-3.40277777778,3.19829424307,0.255754475703,-0.898410504492,0.494231070428
2016-06-11,2.0129403307,3.51239669421,0.765306122449,0.523012552301,5.0669298838
2016-06-12,10.9231853418,6.3872255489,-3.03797468354,1.49150190774,10.8862261632
2016-06-13,11.8170266836,-0.750469043152,0.783289817232,-0.478468899522,4.69692915961
2016-06-14,7.32954545455,-1.70132325142,6.21761658031,21.9951923077,-2.67185326102
2016-06-15,-2.85865537321,0.769230769231,-0.731707317073,-3.06826178747,1.29966742517
2016-06-16,12.2070844687,8.01526717557,5.52825552826,-3.06374328445,10.3445793195
2016-06-17,-25.3035454104,-1.23674911661,-2.67753201397,0.254643499101,-2.27062155003
2016-06-18,-26.33289987,-0.536672629696,-2.39234449761,-1.32974749739,0.977420517819
2016-06-19,7.94351279788,0.539568345324,-2.08333333333,3.16474863719,0.998373510704
2016-06-20,-3.18887980376,-5.36672629696,3.75469336671,-2.7447526787,-3.47613187043
2016-06-21,12.4155405405,-8.88468809074,-6.15199034982,-6.85179595533,-9.57367442996
2016-06-22,-1.57776108189,-18.8796680498,-5.65552699229,5.2333117304,-10.5797644941
2016-06-23,4.42748091603,-1.53452685422,-1.36239782016,-1.75519630485,4.67355565993
2016-06-24,4.7514619883,11.1688311688,-1.51933701657,0.830590816486,6.62200711561
2016-06-25,-0.348918353105,-1.16822429907,-3.78681626928,-0.310848616724,-0.0270554637006
2016-06-26,-3.01120448179,-3.78250591017,-1.16618075802,-0.218272528843,-5.37496993024
2016-06-27,0.216606498195,1.2285012285,3.39233038348,-0.03125,4.11522633745
2016-06-28,-12.2478386167,-0.485436893204,-1.42653352354,5.86120662707,-1.26207517512
2016-06-29,3.53037766831,-0.975609756098,1.15774240232,0.0590580245091,-1.09891808346
2016-06-30,-1.18953211737,3.20197044335,2.00286123033,-1.77069499779,5.22746096985
2016-07-01,-2.08667736758,1.67064439141,1.5427769986,1.95283160583,0.439599607925
2016-07-02,-0.573770491803,7.74647887324,-0.828729281768,-1.29659643436,4.05145645424
2016-07-03,-3.38004946414,-7.40740740741,-2.36768802228,-1.37333930437,-6.40045473924
2016-07-04,-2.13310580205,6.82352941176,0.998573466476,6.37202966551,3.79558497556
2016-07-05,-7.49782040105,-1.98237885463,-1.27118644068,-4.6812749004,-1.90591814645
2016-07-06,-0.754005655042,0.449438202247,-0.143061516452,-0.119420809076,0.999060584823
2016-07-07,-3.9886039886,-8.05369127517,0.716332378223,-1.3899267673,-5.42866844817
2016-07-08,12.6607319486,2.67639902676,5.97439544808,1.77326462564,4.0527038841
2016-07-09,-3.6874451273,-1.42180094787,-1.20805369128,-0.536113179449,-2.33451359299
2016-07-10,-0.182315405652,-1.44230769231,0.815217391304,-0.0748615062135,-0.245790832002
2016-07-11,-4.47488584475,-0.243902439024,7.27762803235,-2.09769253821,-0.261796230134
2016-07-12,0.57361376673,1.46699266504,-1.50753768844,-2.81603917968,2.60784979773
2016-07-13,-0.190114068441,-0.240963855422,0.0,0.96062992126,-1.51681589045
2016-07-14,9.61904761905,0.24154589372,-1.14795918367,-0.405552955857,0.551591364004
2016-07-15,3.82276281494,0.240963855422,4.38709677419,0.892717306186,0.785618769754
2016-07-16,-2.51046025105,-0.721153846154,2.10135970334,2.01800683018,-0.373916321146
2016-07-17,-4.20600858369,1.45278450363,-1.69491525424,-0.517346317712,2.82851824387
2016-07-18,-1.16487455197,-0.954653937947,1.2315270936,-0.856531049251,-0.934565684514
2016-07-19,5.34904805077,0.0,3.40632603406,-1.1879049676,-0.0371410319264
2016-07-20,7.14285714286,-0.481927710843,-0.705882352941,-0.15612802498,-1.06708676396
2016-07-21,1.60642570281,-0.242130750605,6.16113744076,0.328381548084,-0.100648960461
2016-07-22,15.8893280632,-1.94174757282,3.23660714286,-1.76122194514,-2.16387723493
2016-07-23,-2.45566166439,0.49504950495,0.648648648649,0.222116452483,0.759275767729
2016-07-24,-10.8391608392,0.246305418719,-1.07411385607,-0.490739274972,0.87253645738
2016-07-25,8.54901960784,-0.982800982801,-0.868621064061,-0.636334712059,-1.08577304621
2016-07-26,-13.3670520231,-1.4888337469,-2.95728368018,-3.97054114633,-0.354685827855
2016-07-27,8.17347789825,-0.251889168766,3.27313769752,-0.483494498166,0.394304826782
2016-07-28,-1.00231303007,0.252525252525,1.74863387978,0.0837661249791,0.103919920532
2016-07-29,-0.389408099688,2.77078085642,1.6111707841,2.29327084031,0.299222936354
2016-07-30,-2.58014073495,-0.490196078431,-2.53699788584,0.163639338897,-0.295286077414
2016-07-31,-4.65489566613,-1.2315270936,3.1453362256,-2.8753471655,-4.63628730631
2016-08-01,-7.91245791246,-3.74064837905,4.10094637224,-0.656013456686,-2.94710891977
2016-08-02,-19.6526508227,-5.69948186528,-7.47474747475,-3.65729766339,-9.69864911673
2016-08-03,17.0648464164,2.1978021978,1.85589519651,-0.773286467487,3.45041737447
2016-08-04,7.28862973761,0.806451612903,2.1436227224,3.01098122565,2.1064340702
2016-08-05,-0.996376811594,-0.533333333333,1.99370409234,10.8493810179,-0.562001763821
2016-08-06,-0.457456541629,0.804289544236,8.53909465021,-1.70621994726,2.21549805231
2016-08-07,0.275735294118,0.531914893617,-1.89573459716,-2.50907369418,0.835346558236
2016-08-08,3.11640696609,0.26455026455,0.289855072464,-2.44415668501,-0.276704516695
2016-08-09,8.8,-0.791556728232,-0.770712909441,2.25651236104,-0.549868877422
2016-08-10,-0.816993464052,-1.06382978723,1.35922330097,0.503001784845,0.731541340592
2016-08-11,-3.70675453048,0.537634408602,6.13026819923,-0.0807232805941,-0.503293362608
2016-08-12,0.769888793841,-0.802139037433,13.6281588448,-1.06640814348,-0.264801738186
2016-08-13,-1.78268251273,0.0,2.54169976172,-0.506287767434,-0.335284907073
2016-08-14,-3.28435609334,-1.61725067385,12.1611154144,-1.6086671044,-2.58201130484
2016-08-15,0.268096514745,-1.91780821918,-8.14917127072,0.850850850851,-0.566199800165
2016-08-16,-0.713012477718,1.67597765363,-3.23308270677,1.57154673284,1.79818066427
2016-08-17,-3.50089766607,-1.0989010989,-2.4864024864,-0.504885993485,-0.730811859241
2016-08-18,0.093023255814,0.277777777778,10.438247012,0.212800785726,0.191898398521
2016-08-19,-0.092936802974,-0.277008310249,-0.577200577201,-0.0490035935969,0.228095835075
2016-08-20,4.6511627907,0.555555555556,-4.93468795356,-0.0817126981533,1.05449681219
2016-08-21,-0.622222222222,0.0,2.36641221374,-1.01406607785,-0.0670448684889
2016-08-22,-0.536672629696,1.10497237569,5.96569724087,-0.859220092531,0.935817377991
2016-08-23,-0.809352517986,7.37704918033,-5.55946516538,0.316666666667,-0.569237324244
2016-08-24,0.090661831369,-1.78117048346,-1.04321907601,0.548263831201,-0.5536415214
2016-08-25,2.89855072464,-1.55440414508,-7.30421686747,0.446133509584,-0.41711193078
2016-08-26,-0.528169014084,0.789473684211,3.49309504468,-0.806053627241,0.327125450014
2016-08-27,-1.32743362832,-2.3498694517,-1.33437990581,-0.912106135987,-1.6734236177
2016-08-28,-1.9730941704,0.0,-1.19331742243,-0.200836820084,0.69479778928
2016-08-29,0.457456541629,0.534759358289,-5.95813204509,2.81737380513,0.034848669652
2016-08-30,2.27686703097,1.06382978723,0.770547945205,-1.71260805741,0.590479176464
2016-08-31,3.91807658059,0.0,1.01954120646,-0.232326584799,-0.351515151515
2016-09-01,2.74207369323,0.789473684211,-3.70058873003,-0.465735196274,-0.550854084487
2016-09-02,1.00083402836,-0.261096605744,-0.786026200873,-0.233957219251,0.566136641622
2016-09-03,-2.8901734104,1.83246073298,0.792253521127,-0.100502512563,3.93890954582
2016-09-04,-0.680272108844,3.08483290488,-0.524017467249,-0.167672702884,1.74186322529
2016-09-05,0.342465753425,-0.74812967581,-1.05355575066,-0.369499496137,-0.335179008593
2016-09-06,-0.255972696246,-0.251256281407,-3.10559006211,-0.337154416723,0.634695593399
2016-09-07,-1.19760479042,0.0,3.2967032967,-0.338294993234,0.671646681082
2016-09-08,-1.7316017316,0.503778337531,3.63475177305,0.169721656483,1.91688091906
2016-09-09,2.64317180617,-0.501253132832,-4.02053036784,-0.559132497458,-0.552433260953
2016-09-10,4.4635193133,0.0,1.7825311943,0.0170386777986,0.104357319462
2016-09-11,-4.35497124076,-2.77078085642,-2.45183887916,-0.477001703578,-2.69281968212
2016-09-12,2.14776632302,-1.03626943005,10.0538599641,0.941458404656,0.25052742616
2016-09-13,0.252312867956,0.0,6.03588907015,-0.186535526539,0.164408786006
2016-09-14,0.0,0.261780104712,-2.23076923077,1.27420998981,0.236360055151
2016-09-15,0.167785234899,-0.522193211488,-3.93391030685,39.288709948,-0.578044147508
2016-09-16,5.19262981575,0.0,-4.0131040131,-10.3215705167,-0.0296467100387
2016-09-17,1.11464968153,0.0,0.511945392491,-5.74805264572,-0.163105260557
2016-09-18,-2.12598425197,6.03674540682,-1.18845500849,-2.35109717868,0.641935377405
2016-09-19,6.11423974256,-5.19801980198,-0.85910652921,0.072960747118,-0.104940397134
2016-09-20,9.40106141016,0.261096605744,-1.12651646447,-1.06445027705,-0.15101029168
2016-09-21,-4.5738045738,0.0,1.05170902717,0.648489314665,-1.83459091582
2016-09-22,-3.77632534495,-1.82291666667,0.0867302688638,0.205008053888,-0.142342794943
2016-09-23,0.603773584906,1.06100795756,0.0,5.37775829315,1.09676337414
2016-09-24,-3.37584396099,0.0,-0.0866551126516,2.09402302039,-0.0348351137947
2016-09-25,1.70807453416,0.0,0.173460537728,6.69654985058,-0.298690738928
2016-09-26,-2.13740458015,1.31233595801,-1.21212121212,1.37492043285,1.20000665746
2016-09-27,2.18408736349,-0.259067357513,2.01577563541,3.3404495793,-0.307545556213
2016-09-28,1.29770992366,-0.25974025974,-0.429553264605,9.95260663507,-0.23755712094
2016-09-29,-1.50715900528,0.260416666667,3.62381363244,-1.48099027409,0.158748532403
2016-09-30,1.14766641163,-0.25974025974,0.7493755204,-0.942337895445,0.668658884908
2016-10-01,-0.378214826021,0.260416666667,-3.22314049587,-7.07814269536,0.695378357989
2016-10-02,0.227790432802,-0.25974025974,0.597779675491,-0.487507617307,-0.503273722271
2016-10-03,1.89393939394,0.0,0.933786078098,-0.930802204532,0.20298253368
2016-10-04,-1.26394052045,-0.520833333333,1.42977291842,-2.91754234145,-0.315292503226
2016-10-05,-1.80722891566,0.523560209424,-0.248756218905,-5.32280657074,0.378564405113
2016-10-06,-1.45705521472,0.260416666667,0.249376558604,-0.712844653665,0.0832639467111
2016-10-07,-1.40077821012,0.25974025974,-1.57545605307,-0.067732321864,0.668819940622
2016-10-08,-3.55169692186,-0.518134715026,-1.26368997473,-0.908228277077,0.322465646876
2016-10-09,-1.39116202946,-0.520833333333,-1.10921501706,3.18741450068,-0.38119235677
2016-10-10,-2.40663900415,-0.523560209424,0.862812769629,5.76693623227,0.363194162951
2016-10-11,0.255102040816,0.526315789474,0.342172797263,3.20882426673,3.56710124558
2016-10-12,1.18744698897,-1.57068062827,-2.55754475703,-3.46125819772,-0.761227323069
2016-10-13,0.251466890193,3.98936170213,0.087489063867,0.415146559316,0.0943114478379
2016-10-14,-0.167224080268,-0.255754475703,0.786713286713,9.8346279128,0.563765134503
2016-10-15,0.335008375209,-0.769230769231,-3.72940156114,-7.08338086004,-0.270152097192
2016-10-16,-0.25041736227,0.516795865633,-2.25225225225,-0.834765529094,0.466609253895
2016-10-17,0.502092050209,0.514138817481,-2.1198156682,-0.594206486754,-0.380281470629
2016-10-18,4.82930890924,-1.79028132992,-3.86064030132,3.98505603985,-0.192431045542
2016-10-19,-4.52740270056,-1.04166666667,0.783545543585,3.31736526946,-1.1662173177
2016-10-20,0.665557404326,-0.526315789474,2.04081632653,5.39005448012,0.0539237454799
2016-10-21,0.661157024793,0.793650793651,2.57142857143,-0.692916849978,0.312272136449
2016-10-22,-0.903119868637,2.09973753281,-3.80687093779,-0.631299147192,3.86517706177
2016-10-23,-0.248550124275,0.771208226221,-3.861003861,5.37226928221,-0.0334707663284
2016-10-24,-0.581395348837,-1.27551020408,-1.10441767068,-4.11466046118,-0.503751502884
2016-10-25,-4.6783625731,0.77519379845,-4.46700507614,-1.9194704909,0.585841899168
2016-10-26,1.05170902717,1.53846153846,-0.743889479277,-0.629850410528,3.14937879226
2016-10-27,-0.260190806591,1.51515151515,3.96145610278,-4.00679117148,1.47574819401
2016-10-28,-3.5652173913,-1.24378109453,-6.59114315139,-3.98537908266,0.194679722799
2016-10-29,-5.8611361587,3.02267002519,-5.07166482911,-5.04727987228,3.60037700283
2016-10-30,7.08812260536,-1.46699266504,12.3112659698,3.64718054837,-1.76631956108
2016-10-31,-1.61001788909,-0.992555831266,-4.86039296794,2.27102570502,-0.12680591571
2016-11-01,-2.09090909091,2.50626566416,-1.73913043478,-1.14690092728,4.11144556828
2016-11-02,-0.185701021356,0.244498777506,-1.10619469027,1.48111577388,1.51276394579
2016-11-03,0.46511627907,-5.85365853659,2.01342281879,-2.4446606665,-7.0367020774
2016-11-04,2.68518518519,0.518134715026,0.109649122807,1.69554918339,2.1112240453
2016-11-05,-0.811541929666,-0.257731958763,0.876232201533,0.894936864043,0.0255958136625
2016-11-06,-1.18181818182,0.516795865633,2.06297502714,-0.44957472661,1.1515168747
2016-11-07,-0.551977920883,-1.2853470437,5.53191489362,-1.03747101184,-1.17916572971
2016-11-08,0.185013876041,0.0,-1.61290322581,1.20868278244,0.955726537056
2016-11-09,-1.56971375808,0.520833333333,-0.614754098361,-1.54764806239,1.89054025498
2016-11-10,-1.31332082552,-1.03626943005,-0.309278350515,0.705532862978,-1.07013978182
2016-11-11,-2.18631178707,0.0,0.0,-0.872664700098,0.122985758808
2016-11-12,-3.98445092323,-1.57068062827,-0.310237849018,-0.260384376937,-1.58568417526
2016-11-13,2.22672064777,3.1914893617,-1.55601659751,2.64793635007,-0.428338415715
2016-11-14,-1.28712871287,0.0,2.00210748156,-1.92563885188,0.425907724741
2016-11-15,2.5075225677,0.257731958763,-0.413223140496,-2.67967399358,0.936143655499
2016-11-16,-1.56555772994,3.34190231362,-1.97095435685,-0.494861058241,4.57828616396
2016-11-17,-0.695825049702,-1.99004975124,-4.55026455026,-1.46646263708,-0.432679387261
2016-11-18,-5.10510510511,0.507614213198,-0.776053215078,0.66002329494,1.43188750034
2016-11-19,1.89873417722,-0.252525252525,-5.25139664804,0.269992285935,0.00399153793956
2016-11-20,-0.828157349896,-0.759493670886,0.353773584906,-1.89767918964,-2.73941619435
2016-11-21,0.417536534447,0.510204081633,0.822561692127,-1.11096588681,1.12444085742
2016-11-22,3.01455301455,0.253807106599,0.582750582751,-1.74464710547,1.63679404802
2016-11-23,-0.706357214934,-0.506329113924,-1.39049826188,-5.01748722088,-0.899713848406
2016-11-24,-6.19918699187,-0.508905852417,7.28554641598,-1.57201529528,-0.57749902631
2016-11-25,1.84182015168,0.255754475703,-0.328587075575,-0.690647482014,0.183711788623
2016-11-26,-0.744680851064,-0.765306122449,-2.1978021978,7.07041437265,-0.845412256455
2016-11-27,-3.53697749196,-0.25706940874,2.13483146067,-4.27604871448,-0.455546792135
2016-11-28,-3.11111111111,0.0,-1.4301430143,-0.932994062765,0.516372279825
2016-11-29,-6.30733944954,-0.257731958763,-1.5625,-3.25342465753,-0.0285399763526
2016-11-30,5.14075887393,0.516795865633,1.02040816327,-0.840707964602,1.37166938554
2016-12-01,-1.62980209546,0.514138817481,-1.90796857464,-0.312360553324,1.48587214526
2016-12-02,-8.16568047337,1.02301790281,-0.91533180778,-0.626678603402,2.79741533095
2016-12-03,2.0618556701,-0.759493670886,2.54041570439,-1.08108108108,-0.872817955112
2016-12-04,-6.06060606061,-0.510204081633,-0.675675675676,-0.925925925926,0.352719963691
2016-12-05,-8.33333333333,-9.48717948718,-2.94784580499,-1.4248506205,-1.960277566
2016-12-06,15.3958944282,0.28328611898,2.80373831776,3.4348772148,0.727560300514
2016-12-07,6.48030495553,2.25988700565,-1.36363636364,2.94515401953,0.511632775902
2016-12-08,-1.78997613365,1.93370165746,0.806451612903,3.5907166837,0.348899274862
2016-12-09,2.67314702309,0.0,0.914285714286,0.535437508807,0.256872640469
2016-12-10,-3.78698224852,-0.271002710027,0.566251415629,-4.47091800981,0.240686344285
2016-12-11,0.738007380074,-1.08695652174,7.43243243243,-1.05633802817,-0.635125540567
2016-12-12,4.0293040293,0.549450549451,-4.61215932914,0.504151838671,1.34592649371
2016-12-13,-1.17370892019,-0.273224043716,3.18681318681,-1.03275302449,0.0602494583958
2016-12-14,-1.78147268409,-0.821917808219,-2.4494142705,-0.0447227191413,0.117864097571
2016-12-15,-5.32043530834,0.0,1.52838427948,-0.641312453393,-0.433792291549
2016-12-16,0.383141762452,0.276243093923,6.34408602151,0.720504353047,0.876505288591
2016-12-17,0.254452926209,1.92837465565,-1.51668351871,-2.51862891207,0.754226599228
2016-12-18,-0.126903553299,-0.540540540541,1.54004106776,0.504510013759,-0.0379348279656
2016-12-19,-2.92249047014,-0.54347826087,4.34782608696,-0.441131731062,0.275764360619
2016-12-20,0.261780104712,0.0,-0.968992248062,-0.687547746371,1.0306417227
2016-12-21,3.2637075718,-0.273224043716,-4.01174168297,-0.846153846154,4.1704125462
2016-12-22,-4.17193426043,1.64383561644,-0.203873598369,-1.27230411171,3.62707963753
2016-12-23,-5.40897097625,25.6064690027,-2.3493360572,-1.2101210121,6.64399565087
2016-12-24,1.39470013947,-2.36051502146,2.82426778243,1.00222717149,-2.5119850756
2016-12-25,-1.23796423659,-4.3956043956,1.83112919634,1.49629862971,-0.293718430832
2016-12-26,1.25348189415,0.229885057471,-3.0969030969,-1.83116076971,1.27541342141
2016-12-27,-1.37551581843,2.52293577982,0.412371134021,-2.00758773316,2.81949295402
2016-12-28,4.88145048815,2.23713646532,3.38809034908,-0.419422487498,4.57779682812
2016-12-29,10.1063829787,-0.218818380744,7.7457795432,2.72152924024,-0.247971145176
2016-12-30,-1.44927536232,-3.72807017544,2.39631336406,1.34048257373,-1.25937339497
2016-12-31,-2.32843137255,-1.36674259681,0.900090009001,0.357920946156,0.260080729058
2017-01-01,2.50941028858,4.15704387991,0.178412132025,-1.25600868352,3.58914229979
2017-01-02,2.57037943696,3.10421286031,5.16473731077,-0.895100502513,2.34591768253
2017-01-03,16.1097852029,-0.430107526882,8.2133784928,1.18840120425,2.16197700024
2017-01-04,15.6217882837,4.53563714903,29.2644757433,2.88130284998,10.6232755978
2017-01-05,-8.88888888889,-11.3636363636,-12.9539951574,-5.61643835616,-12.2409567605
2017-01-06,0.0,-10.0233100233,-16.3421418637,1.83841315917,-10.9712052734
2017-01-07,-3.70731707317,2.59067357513,3.40814630091,0.807600950119,0.708268676568
2017-01-08,4.25531914894,0.757575757576,0.8038585209,-2.08922400251,0.287258279312
2017-01-09,0.388726919339,7.7694235589,-3.58851674641,-1.05888015402,-0.918568920105
2017-01-10,2.12971926428,6.74418604651,3.30851943755,8.61034538674,0.537199694295
2017-01-11,-7.8672985782,-16.1220043573,-9.52762209768,-4.28486115258,-14.3134144192
2017-01-12,1.44032921811,2.85714285714,8.14159292035,0.187178287319,3.4805081259
2017-01-13,-0.912778904665,-1.76767676768,3.02782324059,2.69344543048,2.37938446628
2017-01-14,-1.22824974411,0.25706940874,-4.05083399523,4.04790782292,-0.675987281245
2017-01-15,2.59067357513,0.769230769231,2.56622516556,-1.99621156928,0.414217812588
2017-01-16,-2.62626262626,-0.763358778626,4.4390637611,0.921796015462,1.18398637138
2017-01-17,6.84647302905,1.02564102564,10.1236476043,0.176782557454,9.18908518033
2017-01-18,-0.679611650485,-2.53807106599,-1.33333333333,-1.33823529412,-2.34817278675
2017-01-19,1.66177908113,0.520833333333,7.96586059744,4.84423908183,1.4042092441
2017-01-20,1.92307692308,0.777202072539,-0.131752305665,-5.10378163207,-0.44935322055
2017-01-21,2.92452830189,0.25706940874,-1.25329815303,0.464419475655,2.98984391585
2017-01-22,-1.9248395967,-1.53846153846,0.935203740815,0.104384133612,0.312435587281
2017-01-23,1.1214953271,0.0,0.529450694904,-0.238343512588,-0.395816886024
2017-01-24,-1.75600739372,-1.30208333333,-7.24160631995,-2.34433328356,-3.0748851804
2017-01-25,-0.564440263405,-2.11081794195,2.98083747339,-0.412844036697,0.991385587382
2017-01-26,0.189214758751,3.23450134771,3.65265334252,2.7176416398,1.78028706436
2017-01-27,-0.472143531634,0.783289817232,1.99468085106,-4.11061285501,0.235399252389
2017-01-28,0.189753320683,-0.259067357513,-0.456323337679,-1.13795791115,0.200054362599
2017-01-29,-0.757575757576,0.0,1.57170923379,0.946073793756,-0.226781974631
2017-01-30,0.858778625954,4.41558441558,2.90135396518,-0.328022492971,0.0957041870582
2017-01-31,1.51371807001,1.49253731343,0.689223057644,-1.04999216424,5.43471174949
2017-02-01,0.0,0.0,-0.248911014312,3.57934748179,1.91879637263
2017-02-02,0.838769804287,0.245098039216,1.74672489083,-1.08562691131,2.30329012558
2017-02-03,2.68022181146,-0.244498777506,7.41876149601,0.0772916988715,1.78987942281
2017-02-04,2.8802880288,-0.490196078431,0.570776255708,0.278035217794,1.26127525706
2017-02-05,-0.699912510936,-0.492610837438,-3.17820658343,-0.770178681454,-1.49199347972
2017-02-06,0.352422907489,0.0,0.351699882767,0.124185035703,1.05223197773
2017-02-07,1.14135206321,0.0,0.116822429907,-0.666666666667,2.23474449742
2017-02-08,-0.78125,-0.495049504951,1.2252042007,0.483845793663,0.162057756631
2017-02-09,-3.49956255468,-5.47263681592,-4.43804034582,-0.994097545822,-6.46147478529
2017-02-10,2.26654578422,-0.526315789474,0.542822677925,-1.33354251647,-0.57422715662
2017-02-11,0.620567375887,0.26455026455,2.87942411518,0.69963428208,1.5960836275
2017-02-12,0.440528634361,-0.791556728232,-1.39941690962,-1.01057950418,-0.524665239683
2017-02-13,-1.14035087719,-1.06382978723,-0.177409816677,-0.287127133514,-0.854700854701
2017-02-14,15.6166814552,1.34408602151,7.52369668246,0.431930891057,1.40414277639
2017-02-15,-0.844205679202,1.06100795756,8.15426997245,-2.08665179994,0.291672888358
2017-02-16,-0.15479876161,-0.524934383202,-0.560366785532,-1.95217179112,1.98118076786
2017-02-17,-1.70542635659,1.05540897098,2.45901639344,-1.52646424423,1.82687066885
2017-02-18,1.02523659306,-1.04438642298,7.05,-6.16680707666,0.784737289837
2017-02-19,-0.390320062451,-0.791556728232,5.32461466604,5.54857245466,-0.621194590391
2017-02-20,-2.58620689655,0.265957446809,-4.25720620843,-0.0850629465805,3.06431141268
2017-02-21,1.93081255028,0.26525198939,-1.57480314961,-0.698109994892,3.27043093391
2017-02-22,-0.552486187845,0.793650793651,4.09411764706,0.480109739369,0.191876625123
2017-02-23,4.12698412698,0.787401574803,14.0144665461,0.597269624573,4.41008018328
2017-02-24,-0.381097560976,0.260416666667,3.88580491673,-3.2909245123,0.596544157981
2017-02-25,3.67253251721,-0.519480519481,2.13740458015,-0.63146816348,-2.54243064549
2017-02-26,7.15867158672,0.0,5.04484304933,0.105913503972,1.86739404112
2017-02-27,6.06060606061,-0.783289817232,0.249021700462,-1.09328160818,1.26759354617
2017-02-28,2.72727272727,-0.789473684211,15.3655074521,-1.30147976466,0.0
2017-03-01,9.67130214918,0.79575596817,30.8520455245,-2.31213872832,3.60432892362
2017-03-02,9.68299711816,3.15789473684,-0.235072872591,10.7803254438,2.33210633947
2017-03-03,2.25959012086,0.0,11.6399622997,5.8087130696,1.91685118424
2017-03-04,-4.31654676259,-1.02040816327,-8.44238075137,-0.631014355577,-1.556090636
2017-03-05,3.65198711063,0.515463917526,-2.46657445828,-2.69884108589,0.953670875991
2017-03-06,1.60621761658,0.512820512821,9.90309619475,-1.17474302496,0.450628196225
2017-03-07,-3.67159612443,-2.55102040816,-1.76344086022,7.87518573551,-3.87247315038
2017-03-08,-11.8581259926,-1.04712041885,-7.33362521891,-0.382614018978,-6.0104287559
2017-03-09,6.60660660661,1.5873015873,20.6236711552,-0.168996773698,3.34695652174
2017-03-10,8.9014084507,-2.34375,-1.25342734038,-4.17051400431,-6.03875505894
2017-03-11,11.0708742887,1.33333333333,44.6449821499,0.176650072266,5.29318002722
2017-03-12,9.17559385189,1.05263157895,5.69038804333,0.27252324463,3.8738593164
2017-03-13,21.9709897611,8.59375,-3.20446289569,2.07833733014,0.862958293078
2017-03-14,0.209863588667,-2.63788968825,18.2683286423,-0.0626468285043,0.655886745893
2017-03-15,22.3734729494,2.46305418719,7.76291931097,-1.04999216424,0.775
2017-03-16,32.2019395322,1.92307692308,-5.55263434641,1.26702565727,-4.94554300942
2017-03-17,1.0355987055,-4.24528301887,10.3885981517,-4.34782608696,-7.37323309283
2017-03-18,-27.0553064275,-2.21674876847,10.1876134759,9.71223021583,-11.4894158494
2017-03-19,30.9718969555,-0.251889168766,-0.924569754669,3.01043219076,6.46115298515
2017-03-20,-3.01743406348,1.76767676768,-7.55797837938,0.911458333333,1.68701892471
2017-03-21,-0.553122839364,-0.496277915633,-4.66766616692,-0.94623655914,6.28989878869
2017-03-22,-1.87717265353,-1.74563591022,6.42692388341,5.67375886525,-6.37192782052
2017-03-23,3.1648559282,1.0152284264,-0.0788099694611,44.9390494453,-1.00558552719
2017-03-24,21.5888278388,2.51256281407,-4.1013506852,-0.604800604801,-9.73146284867
2017-03-25,-3.50216531727,-0.245098039216,-3.02251464994,-13.329530329,3.76098643229
2017-03-26,-1.4243902439,-0.2457002457,-0.742075691721,4.70601140851,-0.621928904788
2017-03-27,-1.68250197941,0.492610837438,-8.51222898644,0.54478784704,8.17601605412
2017-03-28,2.21461646869,1.96078431373,2.60331543311,-0.864853600083,0.131960182449
2017-03-29,4.64841441796,0.721153846154,-3.97087268176,6.1698549506,-0.685670629805
2017-03-30,-1.7316017316,66.5871121718,-5.67535545024,31.4325314325,-1.30196063348
2017-03-31,-4.1562918981,-4.44126074499,-5.90378093204,57.344079542,4.41920052999
2017-04-01,1.31894484412,3.14842578711,-8.42344146309,4.80157020441,0.812659196298
2017-04-02,-3.84615384615,12.5,-16.8075801749,179.366892015,2.00555298473
2017-04-03,-9.00512820513,4.26356589147,8.21797792185,-46.0046763355,3.7780015787
2017-04-04,0.631199278629,2.72614622057,11.8361398964,13.4209490355,-0.923230256773
2017-04-05,1.47849462366,33.7756332931,7.67337483712,-5.10212254706,-0.74740789764
2017-04-06,-4.54746136865,-7.57439134355,-10.5418851688,-8.09981994148,5.14767332278
2017-04-07,-2.49768732655,-8.58536585366,-0.511047647678,11.1862850145,-0.488720533027
2017-04-08,5.09962049336,5.86979722519,2.35685148814,-1.29408849363,-0.080720537004
2017-04-09,-2.34709997743,-12.1975806452,-4.50184501845,-5.10195542414,1.01364853948
2017-04-10,0.392881904322,2.41102181401,-5.23956723338,-1.240446796,-0.0622963792334
2017-04-11,-0.0690607734807,-0.784753363229,-1.27222312836,-1.92273349604,1.50615349625
2017-04-12,6.63441603317,21.9209039548,12.3409879399,4.20004855547,-0.385059045153
2017-04-13,8.48995463383,-5.93141797961,6.72058823529,0.136882572227,-2.59003473929
2017-04-14,-5.2767821585,2.3645320197,-2.48036378669,-1.75668208126,-0.14880952381
2017-04-15,3.21631280219,3.84985563041,5.99123922566,0.521033778383,0.42653784881
2017-04-16,-0.773930753564,-0.741427247451,0.439941341155,-1.45192166102,0.888684201549
2017-04-17,-0.862068965517,-2.70774976657,0.398194850013,0.576773653697,0.927350499603
2017-04-18,4.98964803313,-0.959692898273,-3.71496562665,-1.40246620116,1.48754931276
2017-04-19,-4.73279432065,-6.39534883721,-0.755183303584,-9.07090980321,-0.113892396445
2017-04-20,2.81515214241,6.93581780538,-1.14831211954,-0.626387830179,1.5525204703
2017-04-21,-2.91926716328,8.71248789932,-0.797760671798,9.3249733191,-0.571972532301
2017-04-22,0.684363334716,16.2956366874,0.479683972912,-3.08114704088,0.79047502148
2017-04-23,-0.123583934089,6.73813169985,-3.27155293457,-1.54863078376,-1.98910457819
2017-04-24,3.17591255929,7.38880918221,4.80476121353,0.338896348871,3.55696192046
2017-04-25,-0.27983210074,1.60320641283,-0.180055401662,3.06525618149,1.22705275367
2017-04-26,5.6724794548,-2.36686390533,-0.749271541557,1.39429914054,1.23193387542
2017-04-27,17.9248861912,-1.54882154882,9.28281839788,6.15605085831,2.86086739314
2017-04-28,12.8518578092,-1.91518467852,1.68862735065,27.7429917279,-0.094860100324
2017-04-29,-2.53705815279,9.76290097629,19.448987294,18.8712759978,0.4033483228
2017-04-30,15.5601052939,-0.190597204574,-3.58083201685,-2.38518574563,1.9745950567
2017-05-01,-3.44216654012,1.3367281986,-3.74658656472,6.7975274672,5.46854713664
2017-05-02,1.25819134993,-0.188442211055,-2.13345438039,-2.18996643382,2.19611705121
2017-05-03,3.18405384416,32.4103209566,4.45269016698,12.209690584,2.56535565314
2017-05-04,21.650777722,11.1692015209,3.01953818828,30.4579269301,3.19309571905
2017-05-05,-2.66034233863,12.312954254,6.69181034483,18.5467724358,1.15629491373
2017-05-06,3.61228813559,7.19451846212,0.757499242501,8.80919294495,1.5011732939
2017-05-07,-3.88508332481,7.56392045455,6.53568564555,39.2686976255,1.13440587788
2017-05-08,-2.75502606106,-4.39088808188,-4.87391795258,39.8192758336,7.93130875362
2017-05-09,-0.284401662656,15.953038674,-7.71513353116,-19.2410146712,1.85742884498
2017-05-10,-1.79903466433,-4.82430017868,-1.90782422294,16.2374901608,1.80988515176
2017-05-11,0.402144772118,-3.87984981227,0.0218531468532,-1.57524749283,3.43791442145
2017-05-12,-1.35736537606,-10.64453125,-5.17806423421,12.5224561116,-6.72573935529
2017-05-13,2.45883149109,5.31876138434,2.93778801843,4.27528776909,4.67858302788
2017-05-14,-0.0550418317922,-0.0691802144587,0.503637381086,2.48745799942,0.221617698389
2017-05-15,1.7843374821,-12.1841467636,1.88195991091,22.929939198,-3.89626902389
2017-05-16,-3.21393788551,-8.04099329917,-6.44879221773,29.2335254137,-0.228942206474
2017-05-17,0.469588550984,8.87269609944,-2.72228064026,12.6538825419,6.03303640924
2017-05-18,7.84553750278,11.6535433071,7.77083833774,-7.42466990754,2.69481102067
2017-05-19,33.6600969972,-2.32722143865,10.3087038894,-10.1592626395,5.24501628147
2017-05-20,-2.32378599552,-0.685920577617,1.80844615074,7.27056964439,4.88099370633
2017-05-21,24.834018337,-4.39840058161,1.25037213456,-4.38893849855,-2.08804017786
2017-05-22,10.3330378625,-3.49809885932,18.3279427619,-5.4274080089,6.47658240251
2017-05-23,4.41294617239,26.5169424744,14.3626273503,1.70276203476,6.76451642588
2017-05-24,4.45177246496,7.28744939271,4.75121315275,-8.49743944979,5.31024555899
2017-05-25,-8.20836621942,-13.2075471698,-17.285487105,-16.8390280172,-5.67432191321
2017-05-26,-8.05388363428,-20.5685618729,-5.59224274847,10.4618698311,-4.44949630799
2017-05-27,-1.64588528678,-0.0421052631579,-12.1657517266,-21.8017865552,-7.42592239446
2017-05-28,8.08189655172,2.02190395956,9.01209677419,8.00050811813,5.73503950718
2017-05-29,14.310011143,4.08753096614,8.43351211393,1.09603840491,4.62983579182
2017-05-30,18.9831204146,-4.24434748116,3.30035817841,-11.5249709139,-3.55291916599
2017-05-31,-0.534690181536,4.80530240265,12.2513002559,20.0979914671,5.09958767531
2017-06-01,-3.65457146573,13.8339920949,0.0809001985732,35.3084066669,5.31269544832
2017-06-02,0.692944564435,0.486111111111,6.76807760141,-9.0539086547,3.35025001246
2017-06-03,0.268120475467,-4.42294402211,-0.688278615183,-2.92241174765,1.07693235016
2017-06-04,9.33683929049,1.01229211858,-0.651465798046,1.64064091249,-0.140735881686
2017-06-05,1.27583255207,10.3793843951,1.09522148587,-1.80686877323,6.96708747875
2017-06-06,6.4436931498,-0.940337224384,0.186309688104,-3.2159535787,6.56503437162
2017-06-07,-2.41993420804,-7.07037643208,-3.32667539087,-1.67458565866,-4.57669740151
2017-06-08,1.39497035688,6.41070799577,3.32715873468,3.53666949028,2.68871515577
2017-06-09,7.66996598769,-1.75438596491,2.68909880714,-1.26312664407,0.648341543046
2017-06-10,19.8516362604,2.56064690027,2.06137111395,-8.79137399963,4.38768897341
2017-06-11,0.870672550123,9.13272010512,23.8618421053,4.5558392174,0.352816253973
2017-06-12,17.8738146267,-11.1980734497,-9.28984968396,-6.89069838209,-10.0902265298
2017-06-13,-0.983835213828,3.86440677966,7.72338681344,4.79949914161,2.15781894474
2017-06-14,-9.68204457413,-1.37075718016,-11.2844485514,4.61914763313,-7.7529793671
2017-06-15,0.802116696839,0.0,0.0857790576558,-6.88856407144,-1.66735158815
2017-06-16,2.29326112784,18.1336863005,1.77532904806,1.08074332924,2.19023119558
2017-06-17,2.47953974556,33.4733893557,7.14586466165,2.3974693591,5.45232196176
2017-06-18,-2.09535858306,-3.37880377754,8.645371358,6.05512928962,-4.05101134087
2017-06-19,-0.37689118613,9.29626411816,3.99421278355,4.02951510892,1.62108708193
2017-06-20,-2.9887045344,-6.16057233704,-6.63321077214,9.5785427672,5.1046493667
2017-06-21,-6.1643454039,1.20711562897,-4.84274386674,-8.6494034097,-1.20104783984
2017-06-22,-0.148425208537,-0.167399037456,-0.978692466864,0.500057361506,0.606522628389
2017-06-23,1.59645628326,-0.77551875917,6.89031966565,7.42996427708,1.46003748046
2017-06-24,-5.27886697489,-6.02027883397,-3.50840114129,-2.77144053654,-4.96154700883
2017-06-25,-6.31757800432,-1.28118678355,-5.33347935604,-4.07797884992,-0.740209758042
2017-06-26,-10.077493817,-6.35245901639,-5.77857473392,-7.08222891667,-4.28514603713
2017-06-27,7.4810224064,-1.43447605154,8.06065442937,-0.354144427455,2.9857370534
2017-06-28,11.887133645,5.69807597435,4.60743097375,1.50159605655,0.875237516896
2017-06-29,-7.63882535907,-4.15402567095,-3.77993808722,-5.36057478027,-1.37758807514
2017-06-30,-2.62810353936,-1.75310445581,2.59637636169,-0.938509010214,-2.30297875022
2017-07-01,-6.8900040689,-3.37050805452,-8.83534136546,-3.11337618378,-1.86590025959
2017-07-02,4.87618353969,6.6170813029,4.6949490073,1.8469522344,2.95413936867
2017-07-03,-1.76742247995,11.6911234063,4.20773531616,0.196570424245,2.2976536723
2017-07-04,-3.3934252386,19.1686409649,1.25560042038,-2.01954923661,1.4656443297
2017-07-05,-1.65751920966,-3.86770287367,14.4324265268,0.712185278102,0.0134530526898
2017-07-06,0.662276295718,-3.87290844144,1.76150467825,-0.733657410836,0.252499048805
2017-07-07,-9.07780447237,-8.8988851946,-7.83881409204,-5.95387231436,-3.44634587665
2017-07-08,2.32123257043,11.9364534135,6.48478061692,-1.39719392016,2.0915883843
2017-07-09,-3.79817242749,-4.90985807442,-6.48183556405,-1.15104135787,-2.05729308454
2017-07-10,-11.0597175188,-6.05082694635,-10.8566755265,-12.9601226994,-5.79247470656
2017-07-11,-8.33952451709,-2.68355517389,-4.97133027523,-8.93165653533,-1.46550561419
2017-07-12,16.9047619048,7.54467240238,8.54401737766,10.9907631108,2.61144071965
2017-07-13,-9.11730294232,-4.9641025641,-4.80849407972,-2.21325126367,-1.70665821814
2017-07-14,-4.80141133839,-7.61925318368,-5.93319317916,-4.99977590646,-5.28266677976
2017-07-15,-14.5246919764,-9.06542056075,-12.9997516762,-10.5782386027,-10.4990731371
2017-07-16,-7.79327317473,5.11305241521,-5.35179106608,-13.2089407875,-3.45396876219
2017-07-17,22.9156075241,4.30212661941,15.9906513872,20.1498081807,15.4724274803
2017-07-18,21.181883983,3.8200140614,2.74293142671,6.08750400531,4.05984536059
2017-07-19,-14.800119459,-7.76523702032,-1.53096729297,-10.77268729,-1.95999793004
2017-07-20,13.8007010516,10.1811062163,21.1628654031,11.8221013374,23.9360789644
2017-07-21,-3.93822054035,1.64371390493,-1.44758470757,-3.02026076104,-5.31800113572
2017-07-22,5.11657734414,1.74825174825,5.08447218336,5.86611758521,5.33631211203
2017-07-23,-1.53826041485,-5.36941580756,-2.19138804977,0.899027519139,-2.83688952785
2017-07-24,-0.548793980969,0.794371311847,6.79997906088,-1.56671349035,0.895839437445
2017-07-25,-8.01032441814,-4.88628687233,-4.16625820998,-7.23846626598,-6.47510218305
2017-07-26,-1.33520390886,-0.0236742424243,-0.58817512275,-2.40421326865,-1.82535862883
2017-07-27,0.181417013974,-0.213118636041,-0.144055152544,-0.209984927109,5.62691494198
2017-07-28,-5.48159749413,-3.63075462743,-4.36910711526,-4.33536841984,5.1362761904
2017-07-29,6.56068765534,1.25584831322,-0.193955067076,2.37077927165,-2.9391137803
2017-07-30,-3.79513095874,-1.70233463035,-6.70985155196,-2.81919809738,1.12710667718
2017-07-31,2.97504798464,6.43245917862,3.29244300428,1.39567003065,4.28553812228
2017-08-01,11.2326482562,0.046490004649,3.49560248726,5.77527391777,-5.46300611406
2017-08-02,-3.0074524849,-2.11431226766,-0.985115020298,-2.2253223611,-0.279222738075
2017-08-03,2.45055694476,1.73273201994,2.21942819658,0.865908395095,3.46999081408
2017-08-04,-1.00736664596,1.37657489501,-0.0106957591315,-0.497674844799,3.2502237292
2017-08-05,14.9908100596,7.84810126582,3.66903781355,6.3277369448,12.328506953
2017-08-06,1.9726326459,-3.7558685446,-2.42480524171,-2.32384416765,-1.1980042485
2017-08-07,2.90935504836,1.55210643016,4.26161899223,-0.788610316774,5.13388551124
2017-08-08,10.2496470763,6.17903930131,3.37238196663,7.57732333078,1.21339828467
2017-08-09,-0.24935134953,-1.27493316883,-2.27138932496,-5.00503671087,-2.26524441949
2017-08-10,-0.0472925041381,-3.1451780879,0.878469956327,-1.39275309243,1.16111737727
2017-08-11,4.38338571767,1.29032258065,2.4034633758,-0.60532486322,7.96562248616
2017-08-12,0.563362041054,-1.42250530786,-0.145779678313,-3.04171058576,6.41233543891
2017-08-13,-4.03734707019,-1.33534352789,-3.56221713952,-3.31371906151,4.85364415877
2017-08-14,0.684425954506,-0.0218292949138,0.640863904728,1.12973847655,6.18349921193
2017-08-15,-3.42552482506,-5.43668122271,2.04572803851,-5.15909665806,-3.31088314108
2017-08-16,4.29576978814,1.93950588779,14.0035377358,-0.490010606559,4.65574507464
2017-08-17,-0.267972342608,-0.543601359003,0.689595724507,-1.82820028548,-1.02681743716
2017-08-18,-1.94719034034,7.67478934184,-3.99794538139,0.879376246048,-3.9492669143
2017-08-19,0.636016103386,-3.80710659898,28.7230247904,-2.4080612778,0.795073811115
2017-08-20,1.33122667832,1.64907651715,1.90509179079,2.37203093056,-2.52855473687
2017-08-21,6.68811996152,3.69889682025,-4.9694085656,20.9046524081,-2.101936071
2017-08-22,-2.11449360988,-2.52398831873,4.26353816439,24.681374337,2.46842623459
2017-08-23,0.867244829887,13.9524930452,0.367066895369,3.15145892363,1.24374469579
2017-08-24,2.54787100025,-5.74647887324,7.79300680179,-11.2909041555,4.41187805912
2017-08-25,1.93790117011,1.97250448296,0.164885689825,-0.516080709542,0.851735306874
2017-08-26,0.59050373584,1.11371629543,26.5788723923,-2.41061755146,-0.439198462805
2017-08-27,4.19611836588,18.1835748792,-9.24346629986,-4.50754314907,0.700303280948
2017-08-28,-0.0402426054212,1.96206671027,-1.68370580617,10.5977979753,-0.005019530537
2017-08-29,6.59094176851,1.29890955741,0.776388811032,-2.64756712456,4.480384059
2017-08-30,2.10969325815,1.58302991927,2.44472256988,4.32001610512,-0.299627431197
2017-08-31,1.20214536712,10.737104566,2.70945322257,12.1154706455,3.02477383743
2017-09-01,1.22702589808,21.0807768083,3.9728272362,-2.79740249579,4.01029895458
2017-09-02,-9.99638933306,-8.1589958159,-10.9775009533,-8.77740171202,-6.40309402475
2017-09-03,-0.429824058685,-2.75879524171,1.77628009253,0.944990272159,0.0915092917967
2017-09-04,-15.0541038333,-15.1353461739,-11.2966132608,-10.4203906281,-7.5638888404
2017-09-05,6.03719890233,9.32372335531,3.51121374118,4.98663205964,3.30995607026
2017-09-06,6.82130419502,12.3720016833,6.09357332763,5.11039133041,5.04029447987
2017-09-07,-1.4685649339,-2.03470228436,-0.939021228793,-1.12562227547,0.0600375887512
2017-09-08,-9.99605378988,-13.621304791,-3.11127911372,-5.42031836881,-8.06825395445
2017-09-09,-0.70826306914,-2.62575601121,-3.02211818373,-0.720033283219,-0.0636121785397
2017-09-10,-1.9191576087,-6.66565671868,-0.937674073157,1.4457487083,-2.44009786894
2017-09-11,2.00173160173,7.19039117026,-0.534191371716,0.661875501688,0.92967639597
2017-09-12,-1.04233864123,-2.74076317383,2.37751256281,-2.39599703415,-0.731988070949
2017-09-13,-4.92348864338,-3.89226218278,-7.57124888793,-4.07304243131,-6.00899097271
2017-09-14,-22.8068276136,-32.6421513041,-21.5904942082,-18.2345675323,-18.7410980814
2017-09-15,17.0866252162,15.9451659452,20.3691161531,10.4716538647,15.2956465237
2017-09-16,-1.57310548591,0.10371292263,5.09917006611,-1.25497634513,-0.343090897095
2017-09-17,2.12153172156,0.476585163697,5.01238037877,-0.384739951531,-1.16302164942
2017-09-18,16.5839126117,14.5184574139,6.10502166709,6.37637127017,13.461796097
2017-09-19,-3.64565587734,-4.84422834504,-2.62462462462,-3.0178955356,-3.44952277871
2017-09-20,0.332390381895,-2.10068130204,5.60352803306,-1.06661015752,-0.484589691131
2017-09-21,-8.86727285543,-9.89754494491,-3.61533744123,-5.67009743077,-7.03823653657
2017-09-22,2.21594864259,3.17528427376,5.0083320709,1.02239249159,-0.0093637084692
2017-09-23,8.27059135107,2.45373258474,1.21472675861,2.51973949628,4.45368661691
2017-09-24,-1.28944333788,-3.34889385021,-5.39924171157,-1.17774704579,-2.88893576627
2017-09-25,3.48697252903,8.31583368333,3.98975440711,3.24256059891,6.60441398486
2017-09-26,-1.6727670783,-0.0581620783249,-1.73577907213,2.55224892141,-0.858874141317
2017-09-27,6.62051210687,9.17555771096,2.16160424653,9.23065350663,7.92117872237
2017-09-28,-2.38848826965,-3.89125799574,-2.36122737638,-3.5258412486,-0.61752053839
2017-09-29,-2.56727394284,-2.71769273433,-3.11899482631,-1.28740484676,-0.279299499608
2017-09-30,3.42745394037,4.78905359179,-0.170888007324,2.02628017727,4.21900184239
2017-10-01,0.291912691568,-1.08813928183,-3.46640582014,4.55781176435,1.49883260232
2017-10-02,-1.60746179798,-2.1268793546,-2.2514249525,-1.86702302791,0.126710477912
2017-10-03,-1.68750840393,-1.92956163357,-4.03317243837,0.316761728078,-2.08286084929
2017-10-04,0.0683854202284,-1.8147086915,3.11234134486,5.63452325913,-2.0410054013
2017-10-05,1.09341898449,0.525291828794,-0.0196425063838,10.3560021232,2.3419619044
2017-10-06,4.30271074157,0.870911554093,0.484610347086,-1.25603334796,0.979574485781
2017-10-07,0.819858064098,0.88257866462,1.17635557873,1.95309328787,1.2830573738
2017-10-08,-0.806762663924,1.06504374287,-2.57979323006,17.3228280458,4.14715522636
2017-10-09,-3.63565665403,-5.60782837787,-6.21859296482,-10.0445089018,3.50375665874
2017-10-10,0.833921786207,1.11642743222,2.67916945747,3.53737714683,0.208926198968
2017-10-11,1.19718544703,0.335173501577,2.44790057335,1.42137742442,0.93036581005
2017-10-12,0.224082251368,18.1175083513,-2.17493297587,-6.05999871426,12.8547098507
2017-10-13,11.3829157625,-1.13125935784,6.3272926587,4.86083715089,3.67731429379
2017-10-14,0.256818986893,7.60558640417,2.03299181648,-1.21655808883,3.26851666575
2017-10-15,-0.892147336808,2.37685691947,-2.26720136411,2.58938286958,-2.63383969587
2017-10-16,-0.956625074272,-1.29830456698,-2.35856676682,-2.93617392029,0.834773052681
2017-10-17,-4.88931549583,-7.95419374807,-0.770987061977,-9.43207718006,-2.09725111299
2017-10-18,-0.870442790463,2.1015467384,-0.873682806456,-5.83632101489,-0.264382723427
2017-10-19,-1.98205650293,-1.6301663099,-0.60216645361,-1.54219293429,2.10761104622
2017-10-20,-1.3242883573,0.987612989622,-2.12542728534,-2.13850801766,5.30662938905
2017-10-21,-1.25653761389,-3.5305818001,-3.91783948269,0.221801100931,0.335193672076
2017-10-22,-1.57899996669,-2.3883161512,-0.77736989851,-3.24098646548,-0.384309304331
2017-10-23,-2.87696733796,-3.32687907059,3.09394269133,-3.55035092101,-1.29984255428
2017-10-24,3.96584770866,1.89366351056,3.15589487387,4.93378290543,-6.80705257052
2017-10-25,-0.134079710388,0.947105075054,-1.38472032742,-0.987205048296,4.05599061998
2017-10-26,-0.469909039036,-1.32766861391,-1.04101819188,-0.477019022111,2.67840996035
2017-10-27,0.300138265943,-0.735557947614,-1.97462691783,-0.413990217455,-2.09879031234
2017-10-28,-0.376571851254,-1.15669618652,-1.70778665145,-0.468476465222,-0.481066961892
2017-10-29,2.96658791765,4.42494057415,2.98886430411,0.470681497263,6.96599566494
2017-10-30,0.871873873283,-1.26072491683,0.707920966435,-0.0364918509752,-0.378949763156
2017-10-31,-0.607636068237,-1.13495300585,-2.374624047,-1.06210319124,5.51126900937
2017-11-01,-4.63907414672,-4.60986547085,-2.71896829661,-3.20804954178,4.62108094737
2017-11-02,-1.4604545922,2.93343362166,-2.30151716011,6.04613545981,4.59842980446
2017-11-03,6.35980934488,2.63061746438,5.00546530474,1.10365732217,1.82609309882
2017-11-04,-1.71404272023,-2.02919188323,-1.40349617718,-2.10586499978,2.3889530173
2017-11-05,-1.40113821679,-0.526889534884,-0.549730595602,-0.831901840491,0.372089241797
2017-11-06,0.887733747384,0.767123287671,0.918841746898,1.94748954493,-5.19277318253
2017-11-07,-1.41523637459,11.1111111111,6.42048752176,2.11854944415,1.73179775473
2017-11-08,4.89038213534,2.07177814029,7.82261912877,3.36718103768,4.41339906332
