d7,d6,d5,d4,d3,d2,d1,next3
-72.8041516245,-6.82680118143,0.933327824453,51.0343737296,14.0186915888,50.0,0.0,-38.3177439209
-6.82680118143,0.933327824453,51.0343737296,14.0186915888,50.0,0.0,-7.65027322404,-39.8341373635
0.933327824453,51.0343737296,14.0186915888,50.0,0.0,-7.65027322404,-7.10059171598,-17.1372153723
51.0343737296,14.0186915888,50.0,0.0,-7.65027322404,-7.10059171598,-23.5668789809,22.3026794816
14.0186915888,50.0,0.0,-7.65027322404,-7.10059171598,-23.5668789809,-9.16666666667,27.3597571071
50.0,0.0,-7.65027322404,-7.10059171598,-23.5668789809,-9.16666666667,15.5963302752,10.3348554033
0.0,-7.65027322404,-7.10059171598,-23.5668789809,-9.16666666667,15.5963302752,15.873015873,-7.71207351315
-7.65027322404,-7.10059171598,-23.5668789809,-9.16666666667,15.5963302752,15.873015873,-4.1095890411,-12.4913733609
-7.10059171598,-23.5668789809,-9.16666666667,15.5963302752,15.873015873,-4.1095890411,-1.42857142857,-18.3798751031
-23.5668789809,-9.16666666667,15.5963302752,15.873015873,-4.1095890411,-1.42857142857,-2.17391304348,-14.4515760947
-9.16666666667,15.5963302752,15.873015873,-4.1095890411,-1.42857142857,-2.17391304348,-8.88888888889,-6.42475617134
15.5963302752,15.873015873,-4.1095890411,-1.42857142857,-2.17391304348,-8.88888888889,-7.31707317073,4.37057786896
15.873015873,-4.1095890411,-1.42857142857,-2.17391304348,-8.88888888889,-7.31707317073,1.75438596491,1.77585576959
-4.1095890411,-1.42857142857,-2.17391304348,-8.88888888889,-7.31707317073,1.75438596491,-0.862068965517,14.5023315148
-1.42857142857,-2.17391304348,-8.88888888889,-7.31707317073,1.75438596491,-0.862068965517,3.47826086957,14.0543736755
-2.17391304348,-8.88888888889,-7.31707317073,1.75438596491,-0.862068965517,3.47826086957,-0.840336134454,14.1594156923
-8.88888888889,-7.31707317073,1.75438596491,-0.862068965517,3.47826086957,-0.840336134454,11.8644067797,-2.14943553179
-7.31707317073,1.75438596491,-0.862068965517,3.47826086957,-0.840336134454,11.8644067797,3.0303030303,-7.50531995744
1.75438596491,-0.862068965517,3.47826086957,-0.840336134454,11.8644067797,3.0303030303,-0.735294117647,-5.97637504614
-0.862068965517,3.47826086957,-0.840336134454,11.8644067797,3.0303030303,-0.735294117647,-4.44444444444,3.97988042192
3.47826086957,-0.840336134454,11.8644067797,3.0303030303,-0.735294117647,-4.44444444444,-2.32558139535,3.32038719041
-0.840336134454,11.8644067797,3.0303030303,-0.735294117647,-4.44444444444,-2.32558139535,0.793650793651,-1.3194174494
11.8644067797,3.0303030303,-0.735294117647,-4.44444444444,-2.32558139535,0.793650793651,5.51181102362,-7.63122847302
3.0303030303,-0.735294117647,-4.44444444444,-2.32558139535,0.793650793651,5.51181102362,-2.98507462687,-7.06550868486
-0.735294117647,-4.44444444444,-2.32558139535,0.793650793651,5.51181102362,-2.98507462687,-3.84615384615,-6.52513996268
-4.44444444444,-2.32558139535,0.793650793651,5.51181102362,-2.98507462687,-3.84615384615,-0.8,-21.7099262875
-2.32558139535,0.793650793651,5.51181102362,-2.98507462687,-3.84615384615,-0.8,-2.41935483871,-13.4896277857
0.793650793651,5.51181102362,-2.98507462687,-3.84615384615,-0.8,-2.41935483871,-3.30578512397,-20.1835542002
5.51181102362,-2.98507462687,-3.84615384615,-0.8,-2.41935483871,-3.30578512397,-15.9847863248,-10.6497087378
-2.98507462687,-3.84615384615,-0.8,-2.41935483871,-3.30578512397,-15.9847863248,5.80094366303,-8.59475111009
-3.84615384615,-0.8,-2.41935483871,-3.30578512397,-15.9847863248,5.80094366303,-9.99971153846,-2.53771277501
-0.8,-2.41935483871,-3.30578512397,-15.9847863248,5.80094366303,-9.99971153846,-6.45094086237,0.281734715082
-2.41935483871,-3.30578512397,-15.9847863248,5.80094366303,-9.99971153846,-6.45094086237,7.85590129074,-9.92434633364
-3.30578512397,-15.9847863248,5.80094366303,-9.99971153846,-6.45094086237,7.85590129074,-3.94267320338,-2.61907451368
-15.9847863248,5.80094366303,-9.99971153846,-6.45094086237,7.85590129074,-3.94267320338,-3.63149337228,7.36493152022
5.80094366303,-9.99971153846,-6.45094086237,7.85590129074,-3.94267320338,-3.63149337228,-2.35017975798,7.64807485092
-9.99971153846,-6.45094086237,7.85590129074,-3.94267320338,-3.63149337228,-2.35017975798,3.36259861659,2.40842315653
-6.45094086237,7.85590129074,-3.94267320338,-3.63149337228,-2.35017975798,3.36259861659,6.35251266162,-4.87445513102
7.85590129074,-3.94267320338,-3.63149337228,-2.35017975798,3.36259861659,6.35251266162,-2.06703642728,-11.7390802328
-3.94267320338,-3.63149337228,-2.35017975798,3.36259861659,6.35251266162,-2.06703642728,-1.87705307781,-19.3735867474
-3.63149337228,-2.35017975798,3.36259861659,6.35251266162,-2.06703642728,-1.87705307781,-0.930365625929,-11.6869801456
-2.35017975798,3.36259861659,6.35251266162,-2.06703642728,-1.87705307781,-0.930365625929,-8.93166152902,-11.0413215378
3.36259861659,6.35251266162,-2.06703642728,-1.87705307781,-0.930365625929,-8.93166152902,-9.51155959243,-20.6675999369
6.35251266162,-2.06703642728,-1.87705307781,-0.930365625929,-8.93166152902,-9.51155959243,6.7562409759,-13.9975448618
-2.06703642728,-1.87705307781,-0.930365625929,-8.93166152902,-9.51155959243,6.7562409759,-8.28600292125,6.01022601995
-1.87705307781,-0.930365625929,-8.93166152902,-9.51155959243,6.7562409759,-8.28600292125,-19.1378379916,18.5915902569
-0.930365625929,-8.93166152902,-9.51155959243,6.7562409759,-8.28600292125,-19.1378379916,13.426296051,3.47871828388
-8.93166152902,-9.51155959243,6.7562409759,-8.28600292125,-19.1378379916,13.426296051,11.7217679605,-6.97612816178
-9.51155959243,6.7562409759,-8.28600292125,-19.1378379916,13.426296051,11.7217679605,-6.55647375461,-3.15434489906
6.7562409759,-8.28600292125,-19.1378379916,13.426296051,11.7217679605,-6.55647375461,-1.686575922,-7.41289891083
-8.28600292125,-19.1378379916,13.426296051,11.7217679605,-6.55647375461,-1.686575922,1.26692151482,-5.17990075741
-19.1378379916,13.426296051,11.7217679605,-6.55647375461,-1.686575922,1.26692151482,-2.73469049189,-8.7861488726
13.426296051,11.7217679605,-6.55647375461,-1.686575922,1.26692151482,-2.73469049189,-5.94512993377,-0.818005686196
11.7217679605,-6.55647375461,-1.686575922,1.26692151482,-2.73469049189,-5.94512993377,3.49991966824,0.332429469955
-6.55647375461,-1.686575922,1.26692151482,-2.73469049189,-5.94512993377,3.49991966824,-6.34093860707,3.17351870073
-1.686575922,1.26692151482,-2.73469049189,-5.94512993377,3.49991966824,-6.34093860707,2.02301325264,2.2822918262
1.26692151482,-2.73469049189,-5.94512993377,3.49991966824,-6.34093860707,2.02301325264,4.65035482439,-3.77491662588
-2.73469049189,-5.94512993377,3.49991966824,-6.34093860707,2.02301325264,4.65035482439,-3.49984937629,-3.2102301012
-5.94512993377,3.49991966824,-6.34093860707,2.02301325264,4.65035482439,-3.49984937629,1.13178637811,-18.2787075293
3.49991966824,-6.34093860707,2.02301325264,4.65035482439,-3.49984937629,1.13178637811,-1.40685362769,-9.43162811345
-6.34093860707,2.02301325264,4.65035482439,-3.49984937629,1.13178637811,-1.40685362769,-2.93516285162,-11.013993978
2.02301325264,4.65035482439,-3.49984937629,1.13178637811,-1.40685362769,-2.93516285162,-13.93669105,4.91395514523
4.65035482439,-3.49984937629,1.13178637811,-1.40685362769,-2.93516285162,-13.93669105,7.44022578819,-7.90733494014
-3.49984937629,1.13178637811,-1.40685362769,-2.93516285162,-13.93669105,7.44022578819,-4.5175287162,-8.93705635625
1.13178637811,-1.40685362769,-2.93516285162,-13.93669105,7.44022578819,-4.5175287162,1.99125807323,-22.0087742936
-1.40685362769,-2.93516285162,-13.93669105,7.44022578819,-4.5175287162,1.99125807323,-5.38106429718,-13.7530167262
-2.93516285162,-13.93669105,7.44022578819,-4.5175287162,1.99125807323,-5.38106429718,-5.54725013231,18.7035104706
-13.93669105,7.44022578819,-4.5175287162,1.99125807323,-5.38106429718,-5.54725013231,-11.0804598641,24.843878526
7.44022578819,-4.5175287162,1.99125807323,-5.38106429718,-5.54725013231,-11.0804598641,2.87469327023,26.4040392464
-4.5175287162,1.99125807323,-5.38106429718,-5.54725013231,-11.0804598641,2.87469327023,26.9092770645,8.80099543653
1.99125807323,-5.38106429718,-5.54725013231,-11.0804598641,2.87469327023,26.9092770645,-4.94009180873,32.4538635468
-5.38106429718,-5.54725013231,-11.0804598641,2.87469327023,26.9092770645,-4.94009180873,4.43485399059,46.9333791114
-5.54725013231,-11.0804598641,2.87469327023,26.9092770645,-4.94009180873,4.43485399059,9.30623325467,52.6171244801
-11.0804598641,2.87469327023,26.9092770645,-4.94009180873,4.43485399059,9.30623325467,18.7127763015,54.9043481786
2.87469327023,26.9092770645,-4.94009180873,4.43485399059,9.30623325467,18.7127763015,18.9143695552,21.9403918465
26.9092770645,-4.94009180873,4.43485399059,9.30623325467,18.7127763015,18.9143695552,14.9899786234,-4.9123752384
-4.94009180873,4.43485399059,9.30623325467,18.7127763015,18.9143695552,14.9899786234,21.0,-10.2710074847
4.43485399059,9.30623325467,18.7127763015,18.9143695552,14.9899786234,21.0,-14.0495867769,-2.84509995309
9.30623325467,18.7127763015,18.9143695552,14.9899786234,21.0,-14.0495867769,-11.8627884615,11.0596388635
18.7127763015,18.9143695552,14.9899786234,21.0,-14.0495867769,-11.8627884615,15.6413677537,-15.5668774051
18.9143695552,14.9899786234,21.0,-14.0495867769,-11.8627884615,15.6413677537,-6.62367924528,-9.3228210951
14.9899786234,21.0,-14.0495867769,-11.8627884615,15.6413677537,-6.62367924528,2.04195035508,-7.97109745055
21.0,-14.0495867769,-11.8627884615,15.6413677537,-6.62367924528,2.04195035508,-10.9851485149,3.2237630397
-14.0495867769,-11.8627884615,15.6413677537,-6.62367924528,2.04195035508,-10.9851485149,-0.379622935321,14.5978750448
-11.8627884615,15.6413677537,-6.62367924528,2.04195035508,-10.9851485149,-0.379622935321,3.39367399962,8.22148259853
15.6413677537,-6.62367924528,2.04195035508,-10.9851485149,-0.379622935321,3.39367399962,0.209711975396,1.51407928999
-6.62367924528,2.04195035508,-10.9851485149,-0.379622935321,3.39367399962,0.209711975396,10.9944890697,-24.7337201095
2.04195035508,-10.9851485149,-0.379622935321,3.39367399962,0.209711975396,10.9944890697,-2.9827184466,-8.63175495687
-10.9851485149,-0.379622935321,3.39367399962,0.209711975396,10.9944890697,-2.9827184466,-6.49769133314,-1.19793578785
-0.379622935321,3.39367399962,0.209711975396,10.9944890697,-2.9827184466,-6.49769133314,-15.2533103298,12.3648461025
3.39367399962,0.209711975396,10.9944890697,-2.9827184466,-6.49769133314,-15.2533103298,13.119246706,1.22082025302
0.209711975396,10.9944890697,-2.9827184466,-6.49769133314,-15.2533103298,13.119246706,0.936127835876,2.77749887104
10.9944890697,-2.9827184466,-6.49769133314,-15.2533103298,13.119246706,0.936127835876,-1.69052843946,13.191527303
-2.9827184466,-6.49769133314,-15.2533103298,13.119246706,0.936127835876,-1.69052843946,1.9752208566,9.56472228794
-6.49769133314,-15.2533103298,13.119246706,0.936127835876,-1.69052843946,1.9752208566,2.49280645389,3.26780053977
-15.2533103298,13.119246706,0.936127835876,-1.69052843946,1.9752208566,2.49280645389,8.72349999246,-8.659359822
13.119246706,0.936127835876,-1.69052843946,1.9752208566,2.49280645389,8.72349999246,-1.65158415842,-1.46999942348
0.936127835876,-1.69052843946,1.9752208566,2.49280645389,8.72349999246,-1.65158415842,-3.80411529428,1.50206309149
-1.69052843946,1.9752208566,2.49280645389,8.72349999246,-1.65158415842,-3.80411529428,-3.2036603693,2.53128042358
1.9752208566,2.49280645389,8.72349999246,-1.65158415842,-3.80411529428,-3.2036603693,5.53777624011,-7.94625625219
2.49280645389,8.72349999246,-1.65158415842,-3.80411529428,-3.2036603693,5.53777624011,-0.832052779314,-11.1860060126
8.72349999246,-1.65158415842,-3.80411529428,-3.2036603693,5.53777624011,-0.832052779314,-2.17444303722,-6.6206984264
-1.65158415842,-3.80411529428,-3.2036603693,5.53777624011,-0.832052779314,-2.17444303722,-4.93976043566,-3.5167570463
-3.80411529428,-3.2036603693,5.53777624011,-0.832052779314,-2.17444303722,-4.93976043566,-4.07180253968,6.05673856131
-3.2036603693,5.53777624011,-0.832052779314,-2.17444303722,-4.93976043566,-4.07180253968,2.39086454894,-0.384456717136
5.53777624011,-0.832052779314,-2.17444303722,-4.93976043566,-4.07180253968,2.39086454894,-1.83581905556,0.825945488701
-0.832052779314,-2.17444303722,-4.93976043566,-4.07180253968,2.39086454894,-1.83581905556,5.50169306793,-4.48321941296
-2.17444303722,-4.93976043566,-4.07180253968,2.39086454894,-1.83581905556,5.50169306793,-4.05033072951,-6.55886033412
-4.93976043566,-4.07180253968,2.39086454894,-1.83581905556,5.50169306793,-4.05033072951,-0.62541684972,-7.03754596732
-4.07180253968,2.39086454894,-1.83581905556,5.50169306793,-4.05033072951,-0.62541684972,0.192528166264,-3.79496479939
2.39086454894,-1.83581905556,5.50169306793,-4.05033072951,-0.62541684972,0.192528166264,-6.12597165066,4.99718624014
-1.83581905556,5.50169306793,-4.05033072951,-0.62541684972,0.192528166264,-6.12597165066,-1.10410248292,2.97781781848
5.50169306793,-4.05033072951,-0.62541684972,0.192528166264,-6.12597165066,-1.10410248292,3.43510933419,-3.35806949297
-4.05033072951,-0.62541684972,0.192528166264,-6.12597165066,-1.10410248292,3.43510933419,2.66617938886,-4.68633668556
-0.62541684972,0.192528166264,-6.12597165066,-1.10410248292,3.43510933419,2.66617938886,-3.12347090458,-5.20601676417
0.192528166264,-6.12597165066,-1.10410248292,3.43510933419,2.66617938886,-3.12347090458,-2.90077797726,3.78299765818
-6.12597165066,-1.10410248292,3.43510933419,2.66617938886,-3.12347090458,-2.90077797726,1.33791219628,13.0788819102
-1.10410248292,3.43510933419,2.66617938886,-3.12347090458,-2.90077797726,1.33791219628,-3.64315098319,21.7997839738
3.43510933419,2.66617938886,-3.12347090458,-2.90077797726,1.33791219628,-3.64315098319,6.08823644509,13.245870381
2.66617938886,-3.12347090458,-2.90077797726,1.33791219628,-3.64315098319,6.08823644509,10.6337964483,6.82433901429
-3.12347090458,-2.90077797726,1.33791219628,-3.64315098319,6.08823644509,10.6337964483,5.07775108038,3.45631843333
-2.90077797726,1.33791219628,-3.64315098319,6.08823644509,10.6337964483,5.07775108038,-2.46567714768,4.05882726418
1.33791219628,-3.64315098319,6.08823644509,10.6337964483,5.07775108038,-2.46567714768,4.21226508158,-5.24644798103
-3.64315098319,6.08823644509,10.6337964483,5.07775108038,-2.46567714768,4.21226508158,1.70973049942,-9.14327087219
6.08823644509,10.6337964483,5.07775108038,-2.46567714768,4.21226508158,1.70973049942,-1.86316831683,-8.59024778531
10.6337964483,5.07775108038,-2.46567714768,4.21226508158,1.70973049942,-1.86316831683,-5.09301016362,-3.95832440776
5.07775108038,-2.46567714768,4.21226508158,1.70973049942,-1.86316831683,-5.09301016362,-2.18709239174,-2.11574486887
-2.46567714768,4.21226508158,1.70973049942,-1.86316831683,-5.09301016362,-2.18709239174,-1.31014522995,-4.86534401346
4.21226508158,1.70973049942,-1.86316831683,-5.09301016362,-2.18709239174,-1.31014522995,-0.46108678607,-5.11300356216
1.70973049942,-1.86316831683,-5.09301016362,-2.18709239174,-1.31014522995,-0.46108678607,-0.344512852852,-4.16423258329
-1.86316831683,-5.09301016362,-2.18709239174,-1.31014522995,-0.46108678607,-0.344512852852,-4.05974437454,0.718089409632
-5.09301016362,-2.18709239174,-1.31014522995,-0.46108678607,-0.344512852852,-4.05974437454,-0.708746334769,-0.383902993344
-2.18709239174,-1.31014522995,-0.46108678607,-0.344512852852,-4.05974437454,-0.708746334769,0.604258126019,-0.781983514089
-1.31014522995,-0.46108678607,-0.344512852852,-4.05974437454,-0.708746334769,0.604258126019,0.822577618382,-2.93109829828
-0.46108678607,-0.344512852852,-4.05974437454,-0.708746334769,0.604258126019,0.822577618382,-1.81073873775,2.19902908213
-0.344512852852,-4.05974437454,-0.708746334769,0.604258126019,0.822577618382,-1.81073873775,0.206177605274,6.44893323125
-4.05974437454,-0.708746334769,0.604258126019,0.822577618382,-1.81073873775,0.206177605274,-1.32653716581,10.14224606
-0.708746334769,0.604258126019,0.822577618382,-1.81073873775,0.206177605274,-1.32653716581,3.31938864267,8.37415344898
0.604258126019,0.822577618382,-1.81073873775,0.206177605274,-1.32653716581,3.31938864267,4.45608175439,2.7683117729
0.822577618382,-1.81073873775,0.206177605274,-1.32653716581,3.31938864267,4.45608175439,2.36677566291,4.11299798696
-1.81073873775,0.206177605274,-1.32653716581,3.31938864267,4.45608175439,2.36677566291,1.55129603167,0.768831252904
0.206177605274,-1.32653716581,3.31938864267,4.45608175439,2.36677566291,1.55129603167,-1.14975992169,1.46766501585
-1.32653716581,3.31938864267,4.45608175439,2.36677566291,1.55129603167,-1.14975992169,3.71146187698,-2.17181019761
3.31938864267,4.45608175439,2.36677566291,1.55129603167,-1.14975992169,3.71146187698,-1.79287070238,-1.310201721
4.45608175439,2.36677566291,1.55129603167,-1.14975992169,3.71146187698,-1.79287070238,-0.450926158746,3.89483933098
2.36677566291,1.55129603167,-1.14975992169,3.71146187698,-1.79287070238,-0.450926158746,0.0719866635234,3.82731157407
1.55129603167,-1.14975992169,3.71146187698,-1.79287070238,-0.450926158746,0.0719866635234,-0.931262225775,6.01491605837
-1.14975992169,3.71146187698,-1.79287070238,-0.450926158746,0.0719866635234,-0.931262225775,4.75411489323,7.34237789764
3.71146187698,-1.79287070238,-0.450926158746,0.0719866635234,-0.931262225775,4.75411489323,0.0044589066153,14.8850888023
-1.79287070238,-0.450926158746,0.0719866635234,-0.931262225775,4.75411489323,0.0044589066153,1.25634225852,12.7515535614
-0.450926158746,0.0719866635234,-0.931262225775,4.75411489323,0.0044589066153,1.25634225852,6.08157673251,11.9797113421
0.0719866635234,-0.931262225775,4.75411489323,0.0044589066153,1.25634225852,6.08157673251,7.54716981132,6.11321379973
-0.931262225775,4.75411489323,0.0044589066153,1.25634225852,6.08157673251,7.54716981132,-0.877192982456,7.81685306317
4.75411489323,0.0044589066153,1.25634225852,6.08157673251,7.54716981132,-0.877192982456,5.30973451327,11.5235119925
0.0044589066153,1.25634225852,6.08157673251,7.54716981132,-0.877192982456,5.30973451327,1.68067226891,17.3616367161
1.25634225852,6.08157673251,7.54716981132,-0.877192982456,5.30973451327,1.68067226891,0.826446280992,12.3393862393
6.08157673251,7.54716981132,-0.877192982456,5.30973451327,1.68067226891,0.826446280992,9.01639344262,15.0018249135
7.54716981132,-0.877192982456,5.30973451327,1.68067226891,0.826446280992,9.01639344262,7.51879699248,8.79021746347
-0.877192982456,5.30973451327,1.68067226891,0.826446280992,9.01639344262,7.51879699248,-4.1958041958,9.76021520766
5.30973451327,1.68067226891,0.826446280992,9.01639344262,7.51879699248,-4.1958041958,11.6788321168,29.4147164242
1.68067226891,0.826446280992,9.01639344262,7.51879699248,-4.1958041958,11.6788321168,1.30718954248,36.7369685061
0.826446280992,9.01639344262,7.51879699248,-4.1958041958,11.6788321168,1.30718954248,-3.22580645161,56.7852048642
9.01639344262,7.51879699248,-4.1958041958,11.6788321168,1.30718954248,-3.22580645161,31.3333333333,16.6518715309
7.51879699248,-4.1958041958,11.6788321168,1.30718954248,-3.22580645161,31.3333333333,8.62944162437,12.8469913101
-4.1958041958,11.6788321168,1.30718954248,-3.22580645161,31.3333333333,8.62944162437,16.8224299065,1.88230198928
11.6788321168,1.30718954248,-3.22580645161,31.3333333333,8.62944162437,16.8224299065,-8.8,9.1012743213
1.30718954248,-3.22580645161,31.3333333333,8.62944162437,16.8224299065,-8.8,4.82456140351,2.67028721498
-3.22580645161,31.3333333333,8.62944162437,16.8224299065,-8.8,4.82456140351,5.85774058577,-8.90173908508
31.3333333333,8.62944162437,16.8224299065,-8.8,4.82456140351,5.85774058577,-1.58102766798,-11.6497157461
8.62944162437,16.8224299065,-8.8,4.82456140351,5.85774058577,-1.58102766798,-1.60642570281,0.363949775714
16.8224299065,-8.8,4.82456140351,5.85774058577,-1.58102766798,-1.60642570281,-5.71428571429,9.76676008016
-8.8,4.82456140351,5.85774058577,-1.58102766798,-1.60642570281,-5.71428571429,-4.329004329,16.0720489941
4.82456140351,5.85774058577,-1.58102766798,-1.60642570281,-5.71428571429,-4.329004329,10.407239819,4.11442157824
5.85774058577,-1.58102766798,-1.60642570281,-5.71428571429,-4.329004329,10.407239819,3.68852459016,0.0321962006794
-1.58102766798,-1.60642570281,-5.71428571429,-4.329004329,10.407239819,3.68852459016,1.97628458498,15.0519590465
-1.60642570281,-5.71428571429,-4.329004329,10.407239819,3.68852459016,1.97628458498,-1.5503875969,24.0347790759
-5.71428571429,-4.329004329,10.407239819,3.68852459016,1.97628458498,-1.5503875969,-0.393700787402,51.4725050205
-4.329004329,10.407239819,3.68852459016,1.97628458498,-1.5503875969,-0.393700787402,16.9960474308,44.3774476887
10.407239819,3.68852459016,1.97628458498,-1.5503875969,-0.393700787402,16.9960474308,7.43243243243,72.3053756166
3.68852459016,1.97628458498,-1.5503875969,-0.393700787402,16.9960474308,7.43243243243,27.0440251572,37.6074403096
1.97628458498,-1.5503875969,-0.393700787402,16.9960474308,7.43243243243,27.0440251572,9.90099009901,24.8235673277
-1.5503875969,-0.393700787402,16.9960474308,7.43243243243,27.0440251572,9.90099009901,35.3603603604,-13.319724387
-0.393700787402,16.9960474308,7.43243243243,27.0440251572,9.90099009901,35.3603603604,-7.65391014975,-4.71161576396
16.9960474308,7.43243243243,27.0440251572,9.90099009901,35.3603603604,-7.65391014975,-2.88288288288,-20.165216813
7.43243243243,27.0440251572,9.90099009901,35.3603603604,-7.65391014975,-2.88288288288,-2.78293135436,-30.3452484216
27.0440251572,9.90099009901,35.3603603604,-7.65391014975,-2.88288288288,-2.78293135436,0.954198473282,-14.2781702992
9.90099009901,35.3603603604,-7.65391014975,-2.88288288288,-2.78293135436,0.954198473282,-18.3364839319,11.7855863601
35.3603603604,-7.65391014975,-2.88288288288,-2.78293135436,0.954198473282,-18.3364839319,-12.962962963,16.3097307576
-7.65391014975,-2.88288288288,-2.78293135436,0.954198473282,-18.3364839319,-12.962962963,17.0212765957,6.43131130473
-2.88288288288,-2.78293135436,0.954198473282,-18.3364839319,-12.962962963,17.0212765957,7.72727272727,19.5642536312
-2.78293135436,0.954198473282,-18.3364839319,-12.962962963,17.0212765957,7.72727272727,-8.4388185654,27.4692643674
0.954198473282,-18.3364839319,-12.962962963,17.0212765957,7.72727272727,-8.4388185654,7.14285714286,31.9543142013
-18.3364839319,-12.962962963,17.0212765957,7.72727272727,-8.4388185654,7.14285714286,20.8602150538,8.85050940397
-12.962962963,17.0212765957,7.72727272727,-8.4388185654,7.14285714286,20.8602150538,-0.533807829181,6.43349756102
17.0212765957,7.72727272727,-8.4388185654,7.14285714286,20.8602150538,-0.533807829181,11.6279069767,3.42045544914
7.72727272727,-8.4388185654,7.14285714286,20.8602150538,-0.533807829181,11.6279069767,-2.24358974359,6.28612917407
-8.4388185654,7.14285714286,20.8602150538,-0.533807829181,11.6279069767,-2.24358974359,-2.95081967213,7.22767527588
7.14285714286,20.8602150538,-0.533807829181,11.6279069767,-2.24358974359,-2.95081967213,8.61486486486,19.2752709788
20.8602150538,-0.533807829181,11.6279069767,-2.24358974359,-2.95081967213,8.61486486486,0.622083981337,29.3721412459
-0.533807829181,11.6279069767,-2.24358974359,-2.95081967213,8.61486486486,0.622083981337,-2.00927357032,41.0626426792
11.6279069767,-2.24358974359,-2.95081967213,8.61486486486,0.622083981337,-2.00927357032,20.6624605678,32.4561562772
-2.24358974359,-2.95081967213,8.61486486486,0.622083981337,-2.00927357032,20.6624605678,10.7189542484,27.4048293103
-2.95081967213,8.61486486486,0.622083981337,-2.00927357032,20.6624605678,10.7189542484,9.68122786305,21.1781469018
8.61486486486,0.622083981337,-2.00927357032,20.6624605678,10.7189542484,9.68122786305,12.0559741658,-6.95867084923
0.622083981337,-2.00927357032,20.6624605678,10.7189542484,9.68122786305,12.0559741658,5.66762728146,-9.48493687415
-2.00927357032,20.6624605678,10.7189542484,9.68122786305,12.0559741658,5.66762728146,3.45454545455,7.87270041242
20.6624605678,10.7189542484,9.68122786305,12.0559741658,5.66762728146,3.45454545455,-16.0808435852,18.9115271909
10.7189542484,9.68122786305,12.0559741658,5.66762728146,3.45454545455,-16.0808435852,3.14136125654,13.8232632795
9.68122786305,12.0559741658,5.66762728146,3.45454545455,-16.0808435852,3.14136125654,20.8121827411,15.1229938958
12.0559741658,5.66762728146,3.45454545455,-16.0808435852,3.14136125654,20.8121827411,-5.04201680672,27.1125347232
5.66762728146,3.45454545455,-16.0808435852,3.14136125654,20.8121827411,-5.04201680672,-1.94690265487,15.0995203083
3.45454545455,-16.0808435852,3.14136125654,20.8121827411,-5.04201680672,-1.94690265487,22.1119133574,-2.51440108123
-16.0808435852,3.14136125654,20.8121827411,-5.04201680672,-1.94690265487,22.1119133574,6.94752402069,-13.2282586915
3.14136125654,20.8121827411,-5.04201680672,-1.94690265487,22.1119133574,6.94752402069,-13.9599170698,-10.7699390658
20.8121827411,-5.04201680672,-1.94690265487,22.1119133574,6.94752402069,-13.9599170698,4.49799196787,-15.9899526943
-5.04201680672,-1.94690265487,22.1119133574,6.94752402069,-13.9599170698,4.49799196787,-3.76633358955,-16.4963463775
-1.94690265487,22.1119133574,6.94752402069,-13.9599170698,4.49799196787,-3.76633358955,-11.5015974441,-6.98905092768
22.1119133574,6.94752402069,-13.9599170698,4.49799196787,-3.76633358955,-11.5015974441,-0.72202166065,8.65545135313
6.94752402069,-13.9599170698,4.49799196787,-3.76633358955,-11.5015974441,-0.72202166065,-4.27272727273,7.95347373547
-13.9599170698,4.49799196787,-3.76633358955,-11.5015974441,-0.72202166065,-4.27272727273,-1.9943019943,20.1518573624
4.49799196787,-3.76633358955,-11.5015974441,-0.72202166065,-4.27272727273,-1.9943019943,14.9224806202,-4.35194370862
-3.76633358955,-11.5015974441,-0.72202166065,-4.27272727273,-1.9943019943,14.9224806202,-4.97470489039,-3.74055137389
-11.5015974441,-0.72202166065,-4.27272727273,-1.9943019943,14.9224806202,-4.97470489039,10.2040816327,-11.8031060047
-0.72202166065,-4.27272727273,-1.9943019943,14.9224806202,-4.97470489039,10.2040816327,-9.58132045089,-7.23545920922
-4.27272727273,-1.9943019943,14.9224806202,-4.97470489039,10.2040816327,-9.58132045089,-4.36331255565,9.12401457485
-1.9943019943,14.9224806202,-4.97470489039,10.2040816327,-9.58132045089,-4.36331255565,2.14152700186,6.89679777007
14.9224806202,-4.97470489039,10.2040816327,-9.58132045089,-4.36331255565,2.14152700186,-5.01367365542,14.3976069315
-4.97470489039,10.2040816327,-9.58132045089,-4.36331255565,2.14152700186,-5.01367365542,11.9961612284,-2.20106475716
10.2040816327,-9.58132045089,-4.36331255565,2.14152700186,-5.01367365542,11.9961612284,-0.0856898029135,0.165326800138
-9.58132045089,-4.36331255565,2.14152700186,-5.01367365542,11.9961612284,-0.0856898029135,2.487135506,-2.83638846573
-4.36331255565,2.14152700186,-5.01367365542,11.9961612284,-0.0856898029135,2.487135506,-4.60251046025,1.93853578763
2.14152700186,-5.01367365542,11.9961612284,-0.0856898029135,2.487135506,-4.60251046025,2.28070175439,-4.30085787726
-5.01367365542,11.9961612284,-0.0856898029135,2.487135506,-4.60251046025,2.28070175439,-0.514579759863,-10.2378910206
11.9961612284,-0.0856898029135,2.487135506,-4.60251046025,2.28070175439,-0.514579759863,0.172413793103,-8.0156687984
-0.0856898029135,2.487135506,-4.60251046025,2.28070175439,-0.514579759863,0.172413793103,-3.9586919105,-9.85678979716
2.487135506,-4.60251046025,2.28070175439,-0.514579759863,0.172413793103,-3.9586919105,-6.45161290323,-6.88084720178
-4.60251046025,2.28070175439,-0.514579759863,0.172413793103,-3.9586919105,-6.45161290323,2.39463601533,-15.139680748
2.28070175439,-0.514579759863,0.172413793103,-3.9586919105,-6.45161290323,2.39463601533,-5.79981290926,-11.6349498059
-0.514579759863,0.172413793103,-3.9586919105,-6.45161290323,2.39463601533,-5.79981290926,-3.47567030785,-11.5149841961
0.172413793103,-3.9586919105,-6.45161290323,2.39463601533,-5.79981290926,-3.47567030785,-5.86419753086,-19.5396755541
-3.9586919105,-6.45161290323,2.39463601533,-5.79981290926,-3.47567030785,-5.86419753086,-2.29508196721,-9.18007745784
-6.45161290323,2.39463601533,-5.79981290926,-3.47567030785,-5.86419753086,-2.29508196721,-3.35570469799,-1.47113892901
2.39463601533,-5.79981290926,-3.47567030785,-5.86419753086,-2.29508196721,-3.35570469799,-13.8888888889,10.62990729
-5.79981290926,-3.47567030785,-5.86419753086,-2.29508196721,-3.35570469799,-13.8888888889,8.06451612903,7.05568242314
-3.47567030785,-5.86419753086,-2.29508196721,-3.35570469799,-13.8888888889,8.06451612903,4.35323383085,10.8325298931
-5.86419753086,-2.29508196721,-3.35570469799,-13.8888888889,8.06451612903,4.35323383085,-1.78784266985,9.72026515156
-2.29508196721,-3.35570469799,-13.8888888889,8.06451612903,4.35323383085,-1.78784266985,4.49029126214,1.57953141155
-3.35570469799,-13.8888888889,8.06451612903,4.35323383085,-1.78784266985,4.49029126214,8.13008130081,-9.30600339098
-13.8888888889,8.06451612903,4.35323383085,-1.78784266985,4.49029126214,8.13008130081,-2.90010741139,-10.7742548934
8.06451612903,4.35323383085,-1.78784266985,4.49029126214,8.13008130081,-2.90010741139,-3.65044247788,-10.580602539
4.35323383085,-1.78784266985,4.49029126214,8.13008130081,-2.90010741139,-3.65044247788,-2.75545350172,-1.81491885824
-1.78784266985,4.49029126214,8.13008130081,-2.90010741139,-3.65044247788,-2.75545350172,-4.36835891381,-0.944750535502
4.49029126214,8.13008130081,-2.90010741139,-3.65044247788,-2.75545350172,-4.36835891381,-3.45679012346,-3.11296041205
8.13008130081,-2.90010741139,-3.65044247788,-2.75545350172,-4.36835891381,-3.45679012346,6.01023017903,-11.109945558
-2.90010741139,-3.65044247788,-2.75545350172,-4.36835891381,-3.45679012346,6.01023017903,-3.49819059107,-2.74689010202
-3.65044247788,-2.75545350172,-4.36835891381,-3.45679012346,6.01023017903,-3.49819059107,-5.625,-4.72498288553
-2.75545350172,-4.36835891381,-3.45679012346,6.01023017903,-3.49819059107,-5.625,-1.98675496689,1.30640248582
-4.36835891381,-3.45679012346,6.01023017903,-3.49819059107,-5.625,-1.98675496689,4.86486486486,14.5380523663
-3.45679012346,6.01023017903,-3.49819059107,-5.625,-1.98675496689,4.86486486486,-7.60309278351,22.5951746617
6.01023017903,-3.49819059107,-5.625,-1.98675496689,4.86486486486,-7.60309278351,4.04463040446,33.3528041442
-3.49819059107,-5.625,-1.98675496689,4.86486486486,-7.60309278351,4.04463040446,18.0965147453,6.89014766664
-5.625,-1.98675496689,4.86486486486,-7.60309278351,4.04463040446,18.0965147453,0.454029511918,7.51023201079
-1.98675496689,4.86486486486,-7.60309278351,4.04463040446,18.0965147453,0.454029511918,14.802259887,-2.82869100055
4.86486486486,-7.60309278351,4.04463040446,18.0965147453,0.454029511918,14.802259887,-8.36614173228,0.654439541499
-7.60309278351,4.04463040446,18.0965147453,0.454029511918,14.802259887,-8.36614173228,1.07411385607,-0.205770571254
4.04463040446,18.0965147453,0.454029511918,14.802259887,-8.36614173228,1.07411385607,4.46333687566,-3.49514800188
18.0965147453,0.454029511918,14.802259887,-8.36614173228,1.07411385607,4.46333687566,-4.88301119023,-0.510870988862
0.454029511918,14.802259887,-8.36614173228,1.07411385607,4.46333687566,-4.88301119023,0.213903743316,-0.0796134418553
14.802259887,-8.36614173228,1.07411385607,4.46333687566,-4.88301119023,0.213903743316,1.17395944504,5.58403395071
-8.36614173228,1.07411385607,4.46333687566,-4.88301119023,0.213903743316,1.17395944504,-1.89873417722,8.08276812793
1.07411385607,4.46333687566,-4.88301119023,0.213903743316,1.17395944504,-1.89873417722,0.645161290323,11.9107678714
4.46333687566,-4.88301119023,0.213903743316,1.17395944504,-1.89873417722,0.645161290323,6.83760683761,2.50417911182
-4.88301119023,0.213903743316,1.17395944504,-1.89873417722,0.645161290323,6.83760683761,0.6,-0.830195888182
0.213903743316,1.17395944504,-1.89873417722,0.645161290323,6.83760683761,0.6,4.4731610338,6.84523745553
1.17395944504,-1.89873417722,0.645161290323,6.83760683761,0.6,4.4731610338,-2.56898192198,18.635347399
-1.89873417722,0.645161290323,6.83760683761,0.6,4.4731610338,-2.56898192198,-2.734375,32.5172633826
0.645161290323,6.83760683761,0.6,4.4731610338,-2.56898192198,-2.734375,12.1485943775,29.2919728399
6.83760683761,0.6,4.4731610338,-2.56898192198,-2.734375,12.1485943775,9.22112802149,12.4202016227
0.6,4.4731610338,-2.56898192198,-2.734375,12.1485943775,9.22112802149,11.1475409836,4.05858439281
4.4731610338,-2.56898192198,-2.734375,12.1485943775,9.22112802149,11.1475409836,8.92330383481,-2.93889918523
-2.56898192198,-2.734375,12.1485943775,9.22112802149,11.1475409836,8.92330383481,-7.65064319567,-1.0965135123
-2.734375,12.1485943775,9.22112802149,11.1475409836,8.92330383481,-7.65064319567,2.78592375367,-9.30591423476
12.1485943775,9.22112802149,11.1475409836,8.92330383481,-7.65064319567,2.78592375367,1.92582025678,-12.8028264004
9.22112802149,11.1475409836,8.92330383481,-7.65064319567,2.78592375367,1.92582025678,-5.80825752274,-7.79265347464
11.1475409836,8.92330383481,-7.65064319567,2.78592375367,1.92582025678,-5.80825752274,-5.4234769688,-11.4600855968
8.92330383481,-7.65064319567,2.78592375367,1.92582025678,-5.80825752274,-5.4234769688,-1.57109190888,-4.66775474982
-7.65064319567,2.78592375367,1.92582025678,-5.80825752274,-5.4234769688,-1.57109190888,-0.798084596967,-0.000872844193253
2.78592375367,1.92582025678,-5.80825752274,-5.4234769688,-1.57109190888,-0.798084596967,-9.09090909091,12.1669593236
1.92582025678,-5.80825752274,-5.4234769688,-1.57109190888,-0.798084596967,-9.09090909091,5.22123893805,17.5505907705
-5.80825752274,-5.4234769688,-1.57109190888,-0.798084596967,-9.09090909091,5.22123893805,3.86879730866,13.1136116437
-5.4234769688,-1.57109190888,-0.798084596967,-9.09090909091,5.22123893805,3.86879730866,3.07692307692,8.17954570959
-1.57109190888,-0.798084596967,-9.09090909091,5.22123893805,3.86879730866,3.07692307692,10.6048703849,-1.62474243369
-0.798084596967,-9.09090909091,5.22123893805,3.86879730866,3.07692307692,10.6048703849,-0.568181818182,-1.85078444223
-9.09090909091,5.22123893805,3.86879730866,3.07692307692,10.6048703849,-0.568181818182,-1.85714285714,1.68030310196
5.22123893805,3.86879730866,3.07692307692,10.6048703849,-0.568181818182,-1.85714285714,0.80058224163,0.593393014947
3.86879730866,3.07692307692,10.6048703849,-0.568181818182,-1.85714285714,0.80058224163,-0.794223826715,5.55129236212
3.07692307692,10.6048703849,-0.568181818182,-1.85714285714,0.80058224163,-0.794223826715,1.67394468705,3.25708578672
10.6048703849,-0.568181818182,-1.85714285714,0.80058224163,-0.794223826715,1.67394468705,-0.286327845383,3.40471737691
-0.568181818182,-1.85714285714,0.80058224163,-0.794223826715,1.67394468705,-0.286327845383,4.16367552046,-4.16173592133
-1.85714285714,0.80058224163,-0.794223826715,1.67394468705,-0.286327845383,4.16367552046,-0.620261888353,-1.52853370228
0.80058224163,-0.794223826715,1.67394468705,-0.286327845383,4.16367552046,-0.620261888353,-0.138696255201,9.53334789471
-0.794223826715,1.67394468705,-0.286327845383,4.16367552046,-0.620261888353,-0.138696255201,-3.40277777778,24.7531523561
1.67394468705,-0.286327845383,4.16367552046,-0.620261888353,-0.138696255201,-3.40277777778,2.0129403307,30.0697574799
-0.286327845383,4.16367552046,-0.620261888353,-0.138696255201,-3.40277777778,2.0129403307,10.9231853418,16.2879167649
4.16367552046,-0.620261888353,-0.138696255201,-3.40277777778,2.0129403307,10.9231853418,11.8170266836,16.67797455
-0.620261888353,-0.138696255201,-3.40277777778,2.0129403307,10.9231853418,11.8170266836,7.32954545455,-15.9551163149
-0.138696255201,-3.40277777778,2.0129403307,10.9231853418,11.8170266836,7.32954545455,-2.85865537321,-39.4293608117
-3.40277777778,2.0129403307,10.9231853418,11.8170266836,7.32954545455,-2.85865537321,12.2070844687,-43.6929324825
2.0129403307,10.9231853418,11.8170266836,7.32954545455,-2.85865537321,12.2070844687,-25.3035454104,-21.5782668758
10.9231853418,11.8170266836,7.32954545455,-2.85865537321,12.2070844687,-25.3035454104,-26.33289987,17.1701735347
11.8170266836,7.32954545455,-2.85865537321,12.2070844687,-25.3035454104,-26.33289987,7.94351279788,7.64889965489
7.32954545455,-2.85865537321,12.2070844687,-25.3035454104,-26.33289987,7.94351279788,-3.18887980376,15.2652603747
-2.85865537321,12.2070844687,-25.3035454104,-26.33289987,7.94351279788,-3.18887980376,12.4155405405,7.60118182244
12.2070844687,-25.3035454104,-26.33289987,7.94351279788,-3.18887980376,12.4155405405,-1.57776108189,8.83002455123
-25.3035454104,-26.33289987,7.94351279788,-3.18887980376,12.4155405405,-1.57776108189,4.42748091603,1.39133915341
-26.33289987,7.94351279788,-3.18887980376,12.4155405405,-1.57776108189,4.42748091603,4.7514619883,-3.1435163367
7.94351279788,-3.18887980376,12.4155405405,-1.57776108189,4.42748091603,4.7514619883,-0.348918353105,-15.0424366003
-3.18887980376,12.4155405405,-1.57776108189,4.42748091603,4.7514619883,-0.348918353105,-3.01120448179,-8.50085445021
12.4155405405,-1.57776108189,4.42748091603,4.7514619883,-0.348918353105,-3.01120448179,0.216606498195,-9.90699306577
-1.57776108189,4.42748091603,4.7514619883,-0.348918353105,-3.01120448179,0.216606498195,-12.2478386167,0.254168183365
4.42748091603,4.7514619883,-0.348918353105,-3.01120448179,0.216606498195,-12.2478386167,3.53037766831,-3.84997997675
4.7514619883,-0.348918353105,-3.01120448179,0.216606498195,-12.2478386167,3.53037766831,-1.18953211737,-6.04049732352
-0.348918353105,-3.01120448179,0.216606498195,-12.2478386167,3.53037766831,-1.18953211737,-2.08667736758,-6.08692575799
-3.01120448179,0.216606498195,-12.2478386167,3.53037766831,-1.18953211737,-2.08667736758,-0.573770491803,-13.0109756672
0.216606498195,-12.2478386167,3.53037766831,-1.18953211737,-2.08667736758,-0.573770491803,-3.38004946414,-10.3849318581
-12.2478386167,3.53037766831,-1.18953211737,-2.08667736758,-0.573770491803,-3.38004946414,-2.13310580205,-12.2404300447
3.53037766831,-1.18953211737,-2.08667736758,-0.573770491803,-3.38004946414,-2.13310580205,-7.49782040105,7.91812230492
-1.18953211737,-2.08667736758,-0.573770491803,-3.38004946414,-2.13310580205,-7.49782040105,-0.754005655042,4.98468283266
-2.08667736758,-0.573770491803,-3.38004946414,-2.13310580205,-7.49782040105,-0.754005655042,-3.9886039886,8.79097141561
-0.573770491803,-3.38004946414,-2.13310580205,-7.49782040105,-0.754005655042,-3.9886039886,12.6607319486,-8.34464637771
-3.38004946414,-2.13310580205,-7.49782040105,-0.754005655042,-3.9886039886,12.6607319486,-3.6874451273,-4.08358748367
-2.13310580205,-7.49782040105,-0.754005655042,-3.9886039886,12.6607319486,-3.6874451273,-0.182315405652,-4.09138614646
-7.49782040105,-0.754005655042,-3.9886039886,12.6607319486,-3.6874451273,-0.182315405652,-4.47488584475,10.0025473173
-0.754005655042,-3.9886039886,12.6607319486,-3.6874451273,-0.182315405652,-4.47488584475,0.57361376673,13.2516963656
-3.9886039886,12.6607319486,-3.6874451273,-0.182315405652,-4.47488584475,0.57361376673,-0.190114068441,10.9313501829
12.6607319486,-3.6874451273,-0.182315405652,-4.47488584475,0.57361376673,-0.190114068441,9.61904761905,-2.89370601979
-3.6874451273,-0.182315405652,-4.47488584475,0.57361376673,-0.190114068441,9.61904761905,3.82276281494,-7.88134338671
-0.182315405652,-4.47488584475,0.57361376673,-0.190114068441,9.61904761905,3.82276281494,-2.51046025105,-0.0218350848917
-4.47488584475,0.57361376673,-0.190114068441,9.61904761905,3.82276281494,-2.51046025105,-4.20600858369,11.3270306417
0.57361376673,-0.190114068441,9.61904761905,3.82276281494,-2.51046025105,-4.20600858369,-1.16487455197,14.0983308964
-0.190114068441,9.61904761905,3.82276281494,-2.51046025105,-4.20600858369,-1.16487455197,5.34904805077,24.6386109089
9.61904761905,3.82276281494,-2.51046025105,-4.20600858369,-1.16487455197,5.34904805077,7.14285714286,15.0400921017
3.82276281494,-2.51046025105,-4.20600858369,-1.16487455197,5.34904805077,7.14285714286,1.60642570281,2.59450555969
-2.51046025105,-4.20600858369,-1.16487455197,5.34904805077,7.14285714286,1.60642570281,15.8893280632,-4.74580289571
-4.20600858369,-1.16487455197,5.34904805077,7.14285714286,1.60642570281,15.8893280632,-2.45566166439,-15.6571932544
-1.16487455197,5.34904805077,7.14285714286,1.60642570281,15.8893280632,-2.45566166439,-10.8391608392,3.35544548297
5.34904805077,7.14285714286,1.60642570281,15.8893280632,-2.45566166439,-10.8391608392,8.54901960784,-6.19588715494
7.14285714286,1.60642570281,15.8893280632,-2.45566166439,-10.8391608392,8.54901960784,-13.3670520231,6.78175676849
1.60642570281,15.8893280632,-2.45566166439,-10.8391608392,8.54901960784,-13.3670520231,8.17347789825,-3.97186186471
15.8893280632,-2.45566166439,-10.8391608392,8.54901960784,-13.3670520231,8.17347789825,-1.00231303007,-7.62444450077
-2.45566166439,-10.8391608392,8.54901960784,-13.3670520231,8.17347789825,-1.00231303007,-0.389408099688,-15.1474943135
-10.8391608392,8.54901960784,-13.3670520231,8.17347789825,-1.00231303007,-0.389408099688,-2.58014073495,-32.2200044013
8.54901960784,-13.3670520231,8.17347789825,-1.00231303007,-0.389408099688,-2.58014073495,-4.65489566613,-10.5002623187
-13.3670520231,8.17347789825,-1.00231303007,-0.389408099688,-2.58014073495,-4.65489566613,-7.91245791246,4.70082533132
8.17347789825,-1.00231303007,-0.389408099688,-2.58014073495,-4.65489566613,-7.91245791246,-19.6526508227,23.3570993424
-1.00231303007,-0.389408099688,-2.58014073495,-4.65489566613,-7.91245791246,-19.6526508227,17.0648464164,5.83479638439
-0.389408099688,-2.58014073495,-4.65489566613,-7.91245791246,-19.6526508227,17.0648464164,7.28862973761,-1.17809805911
-2.58014073495,-4.65489566613,-7.91245791246,-19.6526508227,17.0648464164,7.28862973761,-0.996376811594,2.93468571858
-4.65489566613,-7.91245791246,-19.6526508227,17.0648464164,7.28862973761,-0.996376811594,-0.457456541629,12.1921422602
-7.91245791246,-19.6526508227,17.0648464164,7.28862973761,-0.996376811594,-0.457456541629,0.275735294118,11.099413502
-19.6526508227,17.0648464164,7.28862973761,-0.996376811594,-0.457456541629,0.275735294118,3.11640696609,4.27625200547
17.0648464164,7.28862973761,-0.996376811594,-0.457456541629,0.275735294118,3.11640696609,8.8,-3.75385920069
7.28862973761,-0.996376811594,-0.457456541629,0.275735294118,3.11640696609,8.8,-0.816993464052,-4.71954824937
-0.996376811594,-0.457456541629,0.275735294118,3.11640696609,8.8,-0.816993464052,-3.70675453048,-4.29714981224
-0.457456541629,0.275735294118,3.11640696609,8.8,-0.816993464052,-3.70675453048,0.769888793841,-4.79894209133
0.275735294118,3.11640696609,8.8,-0.816993464052,-3.70675453048,0.769888793841,-1.78268251273,-3.72927205632
3.11640696609,8.8,-0.816993464052,-3.70675453048,0.769888793841,-1.78268251273,-3.28435609334,-3.94581362904
8.8,-0.816993464052,-3.70675453048,0.769888793841,-1.78268251273,-3.28435609334,0.268096514745,-4.12088688797
-0.816993464052,-3.70675453048,0.769888793841,-1.78268251273,-3.28435609334,0.268096514745,-0.713012477718,-3.50081121323
-3.70675453048,0.769888793841,-1.78268251273,-3.28435609334,0.268096514745,-0.713012477718,-3.50089766607,4.65124924354
0.769888793841,-1.78268251273,-3.28435609334,0.268096514745,-0.713012477718,-3.50089766607,0.093023255814,3.9360037655
-1.78268251273,-3.28435609334,0.268096514745,-0.713012477718,-3.50089766607,0.093023255814,-0.092936802974,3.49226793878
-3.28435609334,0.268096514745,-0.713012477718,-3.50089766607,0.093023255814,-0.092936802974,4.6511627907,-1.9682473699
0.268096514745,-0.713012477718,-3.50089766607,0.093023255814,-0.092936802974,4.6511627907,-0.622222222222,-1.25536331631
-0.713012477718,-3.50089766607,0.093023255814,-0.092936802974,4.6511627907,-0.622222222222,-0.536672629696,2.17986003802
-3.50089766607,0.093023255814,-0.092936802974,4.6511627907,-0.622222222222,-0.536672629696,-0.809352517986,2.46104354192
0.093023255814,-0.092936802974,4.6511627907,-0.622222222222,-0.536672629696,-0.809352517986,0.090661831369,1.04294808223
-0.092936802974,4.6511627907,-0.622222222222,-0.536672629696,-0.809352517986,0.090661831369,2.89855072464,-3.82869681281
4.6511627907,-0.622222222222,-0.536672629696,-0.809352517986,0.090661831369,2.89855072464,-0.528169014084,-2.84307125709
-0.622222222222,-0.536672629696,-0.809352517986,0.090661831369,2.89855072464,-0.528169014084,-1.32743362832,0.76122940219
-0.536672629696,-0.809352517986,0.090661831369,2.89855072464,-0.528169014084,-1.32743362832,-1.9730941704,6.65240015318
-0.809352517986,0.090661831369,2.89855072464,-0.528169014084,-1.32743362832,-1.9730941704,0.457456541629,8.93701730478
0.090661831369,2.89855072464,-0.528169014084,-1.32743362832,-1.9730941704,0.457456541629,2.27686703097,7.66098430218
2.89855072464,-0.528169014084,-1.32743362832,-1.9730941704,0.457456541629,2.27686703097,3.91807658059,0.852734311183
-0.528169014084,-1.32743362832,-1.9730941704,0.457456541629,2.27686703097,3.91807658059,2.74207369323,-2.56961149089
-1.32743362832,-1.9730941704,0.457456541629,2.27686703097,3.91807658059,2.74207369323,1.00083402836,-3.22797976582
-1.9730941704,0.457456541629,2.27686703097,3.91807658059,2.74207369323,1.00083402836,-2.8901734104,-0.593779051665
0.457456541629,2.27686703097,3.91807658059,2.74207369323,1.00083402836,-2.8901734104,-0.680272108844,-1.11111173324
2.27686703097,3.91807658059,2.74207369323,1.00083402836,-2.8901734104,-0.680272108844,0.342465753425,-3.18517921827
3.91807658059,2.74207369323,1.00083402836,-2.8901734104,-0.680272108844,0.342465753425,-0.255972696246,-0.286034715853
2.74207369323,1.00083402836,-2.8901734104,-0.680272108844,0.342465753425,-0.255972696246,-1.19760479042,5.37508938787
1.00083402836,-2.8901734104,-0.680272108844,0.342465753425,-0.255972696246,-1.19760479042,-1.7316017316,2.75171987872
-2.8901734104,-0.680272108844,0.342465753425,-0.255972696246,-1.19760479042,-1.7316017316,2.64317180617,2.25631439557
-0.680272108844,0.342465753425,-0.255972696246,-1.19760479042,-1.7316017316,2.64317180617,4.4635193133,-1.95489204978
0.342465753425,-0.255972696246,-1.19760479042,-1.7316017316,2.64317180617,4.4635193133,-4.35497124076,2.40007919098
-0.255972696246,-1.19760479042,-1.7316017316,2.64317180617,4.4635193133,-4.35497124076,2.14776632302,0.420098102856
-1.19760479042,-1.7316017316,2.64317180617,4.4635193133,-4.35497124076,2.14776632302,0.252312867956,5.36041505064
-1.7316017316,2.64317180617,4.4635193133,-4.35497124076,2.14776632302,0.252312867956,0.0,6.47506473217
2.64317180617,4.4635193133,-4.35497124076,2.14776632302,0.252312867956,0.0,0.167785234899,4.18129524531
4.4635193133,-4.35497124076,2.14776632302,0.252312867956,0.0,0.167785234899,5.19262981575,5.10290517212
-4.35497124076,2.14776632302,0.252312867956,0.0,0.167785234899,5.19262981575,1.11464968153,13.3893169007
2.14776632302,0.252312867956,0.0,0.167785234899,5.19262981575,1.11464968153,-2.12598425197,10.9414965789
0.252312867956,0.0,0.167785234899,5.19262981575,1.11464968153,-2.12598425197,6.11423974256,1.0509314914
0.0,0.167785234899,5.19262981575,1.11464968153,-2.12598425197,6.11423974256,9.40106141016,-7.74635633385
0.167785234899,5.19262981575,1.11464968153,-2.12598425197,6.11423974256,9.40106141016,-4.5738045738,-6.54839572104
5.19262981575,1.11464968153,-2.12598425197,6.11423974256,9.40106141016,-4.5738045738,-3.77632534495,-1.06399584192
1.11464968153,-2.12598425197,6.11423974256,9.40106141016,-4.5738045738,-3.77632534495,0.603773584906,-3.80517400698
-2.12598425197,6.11423974256,9.40106141016,-4.5738045738,-3.77632534495,0.603773584906,-3.37584396099,1.7547573175
6.11423974256,9.40106141016,-4.5738045738,-3.77632534495,0.603773584906,-3.37584396099,1.70807453416,1.34439270701
9.40106141016,-4.5738045738,-3.77632534495,0.603773584906,-3.37584396099,1.70807453416,-2.13740458015,1.97463828188
-4.5738045738,-3.77632534495,0.603773584906,-3.37584396099,1.70807453416,-2.13740458015,2.18408736349,0.938217330019
-3.77632534495,0.603773584906,-3.37584396099,1.70807453416,-2.13740458015,2.18408736349,1.29770992366,-0.737707419667
0.603773584906,-3.37584396099,1.70807453416,-2.13740458015,2.18408736349,1.29770992366,-1.50715900528,0.99724201841
-3.37584396099,1.70807453416,-2.13740458015,2.18408736349,1.29770992366,-1.50715900528,1.14766641163,1.74351500072
1.70807453416,-2.13740458015,2.18408736349,1.29770992366,-1.50715900528,1.14766641163,-0.378214826021,0.857789306295
-2.13740458015,2.18408736349,1.29770992366,-1.50715900528,1.14766641163,-0.378214826021,0.227790432802,-1.17723004217
2.18408736349,1.29770992366,-1.50715900528,1.14766641163,-0.378214826021,0.227790432802,1.89393939394,-4.52822465083
1.29770992366,-1.50715900528,1.14766641163,-0.378214826021,0.227790432802,1.89393939394,-1.26394052045,-4.6650623405
-1.50715900528,1.14766641163,-0.378214826021,0.227790432802,1.89393939394,-1.26394052045,-1.80722891566,-6.4095303467
1.14766641163,-0.378214826021,0.227790432802,1.89393939394,-1.26394052045,-1.80722891566,-1.45705521472,-6.34363716144
-0.378214826021,0.227790432802,1.89393939394,-1.26394052045,-1.80722891566,-1.45705521472,-1.40077821012,-7.34949795547
0.227790432802,1.89393939394,-1.26394052045,-1.80722891566,-1.45705521472,-1.40077821012,-3.55169692186,-3.54269899279
1.89393939394,-1.26394052045,-1.80722891566,-1.45705521472,-1.40077821012,-3.55169692186,-1.39116202946,-0.964089974359
-1.26394052045,-1.80722891566,-1.45705521472,-1.40077821012,-3.55169692186,-1.39116202946,-2.40663900415,1.69401591998
-1.80722891566,-1.45705521472,-1.40077821012,-3.55169692186,-1.39116202946,-2.40663900415,0.255102040816,1.2716897989
-1.45705521472,-1.40077821012,-3.55169692186,-1.39116202946,-2.40663900415,0.255102040816,1.18744698897,0.419251185135
-1.40077821012,-3.55169692186,-1.39116202946,-2.40663900415,0.255102040816,1.18744698897,0.251466890193,-0.0826330673286
-3.55169692186,-1.39116202946,-2.40663900415,0.255102040816,1.18744698897,0.251466890193,-0.167224080268,0.586683063148
-1.39116202946,-2.40663900415,0.255102040816,1.18744698897,0.251466890193,-0.167224080268,0.335008375209,5.08098359718
-2.40663900415,0.255102040816,1.18744698897,0.251466890193,-0.167224080268,0.335008375209,-0.25041736227,0.803998258896
0.255102040816,1.18744698897,0.251466890193,-0.167224080268,0.335008375209,-0.25041736227,0.502092050209,0.967463613012
1.18744698897,0.251466890193,-0.167224080268,0.335008375209,-0.25041736227,0.502092050209,4.82930890924,-3.20068827144
0.251466890193,-0.167224080268,0.335008375209,-0.25041736227,0.502092050209,4.82930890924,-4.52740270056,0.423594560482
-0.167224080268,0.335008375209,-0.25041736227,0.502092050209,4.82930890924,-4.52740270056,0.665557404326,-0.490512968119
0.335008375209,-0.25041736227,0.502092050209,4.82930890924,-4.52740270056,0.665557404326,0.661157024793,-1.73306534175
-0.25041736227,0.502092050209,4.82930890924,-4.52740270056,0.665557404326,0.661157024793,-0.903119868637,-5.50830804621
0.502092050209,4.82930890924,-4.52740270056,0.665557404326,0.661157024793,-0.903119868637,-0.248550124275,-4.20804889477
4.82930890924,-4.52740270056,0.665557404326,0.661157024793,-0.903119868637,-0.248550124275,-0.581395348837,-3.88684435252
-4.52740270056,0.665557404326,0.661157024793,-0.903119868637,-0.248550124275,-0.581395348837,-4.6783625731,-2.77369917073
0.665557404326,0.661157024793,-0.903119868637,-0.248550124275,-0.581395348837,-4.6783625731,1.05170902717,-9.6865443566
0.661157024793,-0.903119868637,-0.248550124275,-0.581395348837,-4.6783625731,1.05170902717,-0.260190806591,-2.33823094464
-0.903119868637,-0.248550124275,-0.581395348837,-4.6783625731,1.05170902717,-0.260190806591,-3.5652173913,-0.383031442425
-0.248550124275,-0.581395348837,-4.6783625731,1.05170902717,-0.260190806591,-3.5652173913,-5.8611361587,3.38719562537
-0.581395348837,-4.6783625731,1.05170902717,-0.260190806591,-3.5652173913,-5.8611361587,7.08812260536,-3.88662800135
-4.6783625731,1.05170902717,-0.260190806591,-3.5652173913,-5.8611361587,7.08812260536,-1.61001788909,-1.81149383319
1.05170902717,-0.260190806591,-3.5652173913,-5.8611361587,7.08812260536,-1.61001788909,-2.09090909091,2.9646004429
-0.260190806591,-3.5652173913,-5.8611361587,7.08812260536,-1.61001788909,-2.09090909091,-0.185701021356,2.33875953459
-3.5652173913,-5.8611361587,7.08812260536,-1.61001788909,-2.09090909091,-0.185701021356,0.46511627907,0.691825073701
-5.8611361587,7.08812260536,-1.61001788909,-2.09090909091,-0.185701021356,0.46511627907,2.68518518519,-2.54533803237
7.08812260536,-1.61001788909,-2.09090909091,-0.185701021356,0.46511627907,2.68518518519,-0.811541929666,-1.54878222666
-1.61001788909,-2.09090909091,-0.185701021356,0.46511627907,2.68518518519,-0.811541929666,-1.18181818182,-1.93667780292
-2.09090909091,-0.185701021356,0.46511627907,2.68518518519,-0.811541929666,-1.18181818182,-0.551977920883,-2.69802070755
-0.185701021356,0.46511627907,2.68518518519,-0.811541929666,-1.18181818182,-0.551977920883,0.185013876041,-5.06934637067
0.46511627907,2.68518518519,-0.811541929666,-1.18181818182,-0.551977920883,0.185013876041,-1.56971375808,-7.48408353581
2.68518518519,-0.811541929666,-1.18181818182,-0.551977920883,0.185013876041,-1.56971375808,-1.31332082552,-3.94404206253
-0.811541929666,-1.18181818182,-0.551977920883,0.185013876041,-1.56971375808,-1.31332082552,-2.18631178707,-3.04485898832
-1.18181818182,-0.551977920883,0.185013876041,-1.56971375808,-1.31332082552,-2.18631178707,-3.98445092323,3.44711450261
-0.551977920883,0.185013876041,-1.56971375808,-1.31332082552,-2.18631178707,-3.98445092323,2.22672064777,-0.345163875109
0.185013876041,-1.56971375808,-1.31332082552,-2.18631178707,-3.98445092323,2.22672064777,-1.28712871287,0.24613978806
-1.56971375808,-1.31332082552,-2.18631178707,-3.98445092323,2.22672064777,-1.28712871287,2.5075225677,-7.36648788475
-1.31332082552,-2.18631178707,-3.98445092323,2.22672064777,-1.28712871287,2.5075225677,-1.56555772994,-3.90219597759
-2.18631178707,-3.98445092323,2.22672064777,-1.28712871287,2.5075225677,-1.56555772994,-0.695825049702,-4.03452827779
-3.98445092323,2.22672064777,-1.28712871287,2.5075225677,-1.56555772994,-0.695825049702,-5.10510510511,1.48811336177
2.22672064777,-1.28712871287,2.5075225677,-1.56555772994,-0.695825049702,-5.10510510511,1.89873417722,2.6039321991
-1.28712871287,2.5075225677,-1.56555772994,-0.695825049702,-5.10510510511,1.89873417722,-0.828157349896,2.72573233407
2.5075225677,-1.56555772994,-0.695825049702,-5.10510510511,1.89873417722,-0.828157349896,0.417536534447,-3.89099119225
-1.56555772994,-0.695825049702,-5.10510510511,1.89873417722,-0.828157349896,0.417536534447,3.01455301455,-5.06372405513
-0.695825049702,-5.10510510511,1.89873417722,-0.828157349896,0.417536534447,3.01455301455,-0.706357214934,-5.10204769125
-5.10510510511,1.89873417722,-0.828157349896,0.417536534447,3.01455301455,-0.706357214934,-6.19918699187,-2.43983819135
1.89873417722,-0.828157349896,0.417536534447,3.01455301455,-0.706357214934,-6.19918699187,1.84182015168,-7.39276945414
-0.828157349896,0.417536534447,3.01455301455,-0.706357214934,-6.19918699187,1.84182015168,-0.744680851064,-12.9554280526
0.417536534447,3.01455301455,-0.706357214934,-6.19918699187,1.84182015168,-0.744680851064,-3.53697749196,-4.27769168672
3.01455301455,-0.706357214934,-6.19918699187,1.84182015168,-0.744680851064,-3.53697749196,-3.11111111111,-2.79638267107
-0.706357214934,-6.19918699187,1.84182015168,-0.744680851064,-3.53697749196,-3.11111111111,-6.30733944954,-4.6547236949
-6.19918699187,1.84182015168,-0.744680851064,-3.53697749196,-3.11111111111,-6.30733944954,5.14075887393,-7.73362689873
1.84182015168,-0.744680851064,-3.53697749196,-3.11111111111,-6.30733944954,5.14075887393,-1.62980209546,-12.1644308639
-0.744680851064,-3.53697749196,-3.11111111111,-6.30733944954,5.14075887393,-1.62980209546,-8.16568047337,-12.3320837238
-3.53697749196,-3.11111111111,-6.30733944954,5.14075887393,-1.62980209546,-8.16568047337,2.0618556701,1.00195503421
-3.11111111111,-6.30733944954,5.14075887393,-1.62980209546,-8.16568047337,2.0618556701,-6.06060606061,13.5428660503
-6.30733944954,5.14075887393,-1.62980209546,-8.16568047337,2.0618556701,-6.06060606061,-8.33333333333,20.08622325
5.14075887393,-1.62980209546,-8.16568047337,2.0618556701,-6.06060606061,-8.33333333333,15.3958944282,7.36347584496
-1.62980209546,-8.16568047337,2.0618556701,-6.06060606061,-8.33333333333,15.3958944282,6.48030495553,-2.90381135909
-8.16568047337,2.0618556701,-6.06060606061,-8.33333333333,15.3958944282,6.48030495553,-1.78997613365,-0.375827845361
2.0618556701,-6.06060606061,-8.33333333333,15.3958944282,6.48030495553,-1.78997613365,2.67314702309,0.980329160857
-6.06060606061,-8.33333333333,15.3958944282,6.48030495553,-1.78997613365,2.67314702309,-3.78698224852,3.59360248919
-8.33333333333,15.3958944282,6.48030495553,-1.78997613365,2.67314702309,-3.78698224852,0.738007380074,1.07412242503
15.3958944282,6.48030495553,-1.78997613365,2.67314702309,-3.78698224852,0.738007380074,4.0293040293,-8.27561691262
6.48030495553,-1.78997613365,2.67314702309,-3.78698224852,0.738007380074,4.0293040293,-1.17370892019,-6.71876622998
-1.78997613365,2.67314702309,-3.78698224852,0.738007380074,4.0293040293,-1.17370892019,-1.78147268409,-4.68284061968
2.67314702309,-3.78698224852,0.738007380074,4.0293040293,-1.17370892019,-1.78147268409,-5.32043530834,0.510691135361
-3.78698224852,0.738007380074,4.0293040293,-1.17370892019,-1.78147268409,-5.32043530834,0.383141762452,-2.79494109723
0.738007380074,4.0293040293,-1.17370892019,-1.78147268409,-5.32043530834,0.383141762452,0.254452926209,-2.78761391873
4.0293040293,-1.17370892019,-1.78147268409,-5.32043530834,0.383141762452,0.254452926209,-0.126903553299,0.602997206374
-1.17370892019,-1.78147268409,-5.32043530834,0.383141762452,0.254452926209,-0.126903553299,-2.92249047014,-0.646446583916
-1.78147268409,-5.32043530834,0.383141762452,0.254452926209,-0.126903553299,-2.92249047014,0.261780104712,-6.31719766488
-5.32043530834,0.383141762452,0.254452926209,-0.126903553299,-2.92249047014,0.261780104712,3.2637075718,-8.18620509721
0.383141762452,0.254452926209,-0.126903553299,-2.92249047014,0.261780104712,3.2637075718,-4.17193426043,-5.25223507337
0.254452926209,-0.126903553299,-2.92249047014,0.261780104712,3.2637075718,-4.17193426043,-5.40897097625,1.41021779703
-0.126903553299,-2.92249047014,0.261780104712,3.2637075718,-4.17193426043,-5.40897097625,1.39470013947,-1.35999816087
-2.92249047014,0.261780104712,3.2637075718,-4.17193426043,-5.40897097625,1.39470013947,-1.23796423659,4.75941656386
0.261780104712,3.2637075718,-4.17193426043,-5.40897097625,1.39470013947,-1.23796423659,1.25348189415,13.6123176484
3.2637075718,-4.17193426043,-5.40897097625,1.39470013947,-1.23796423659,1.25348189415,-1.37551581843,13.5385581045
-4.17193426043,-5.40897097625,1.39470013947,-1.23796423659,1.25348189415,-1.37551581843,4.88145048815,6.32867624386
-5.40897097625,1.39470013947,-1.23796423659,1.25348189415,-1.37551581843,4.88145048815,10.1063829787,-1.26829644629
1.39470013947,-1.23796423659,1.25348189415,-1.37551581843,4.88145048815,10.1063829787,-1.44927536232,2.751358353
-1.23796423659,1.25348189415,-1.37551581843,4.88145048815,10.1063829787,-1.44927536232,-2.32843137255,21.1895749284
1.25348189415,-1.37551581843,4.88145048815,10.1063829787,-1.44927536232,-2.32843137255,2.50941028858,34.3019529235
-1.37551581843,4.88145048815,10.1063829787,-1.44927536232,-2.32843137255,2.50941028858,2.57037943696,22.8426845976
4.88145048815,10.1063829787,-1.44927536232,-2.32843137255,2.50941028858,2.57037943696,16.1097852029,6.73289939477
10.1063829787,-1.44927536232,-2.32843137255,2.50941028858,2.57037943696,16.1097852029,15.6217882837,-12.5962059621
-1.44927536232,-2.32843137255,2.50941028858,2.57037943696,16.1097852029,15.6217882837,-8.88888888889,0.548002075765
-2.32843137255,2.50941028858,2.57037943696,16.1097852029,15.6217882837,-8.88888888889,0.0,0.936728995105
2.50941028858,2.57037943696,16.1097852029,15.6217882837,-8.88888888889,0.0,-3.70731707317,6.77376533255
2.57037943696,16.1097852029,15.6217882837,-8.88888888889,0.0,-3.70731707317,4.25531914894,-5.34885239458
16.1097852029,15.6217882837,-8.88888888889,0.0,-3.70731707317,4.25531914894,0.388726919339,-4.29725009581
15.6217882837,-8.88888888889,0.0,-3.70731707317,4.25531914894,0.388726919339,2.12971926428,-7.33974826476
-8.88888888889,0.0,-3.70731707317,4.25531914894,0.388726919339,2.12971926428,-7.8672985782,-0.700699430673
0.0,-3.70731707317,4.25531914894,0.388726919339,2.12971926428,-7.8672985782,1.44032921811,0.44964492635
-3.70731707317,4.25531914894,0.388726919339,2.12971926428,-7.8672985782,1.44032921811,-0.912778904665,-1.26383879525
4.25531914894,0.388726919339,2.12971926428,-7.8672985782,1.44032921811,-0.912778904665,-1.22824974411,6.81088397791
0.388726919339,2.12971926428,-7.8672985782,1.44032921811,-0.912778904665,-1.22824974411,2.59067357513,3.5405987523
2.12971926428,-7.8672985782,1.44032921811,-0.912778904665,-1.22824974411,2.59067357513,-2.62626262626,7.82864045969
-7.8672985782,1.44032921811,-0.912778904665,-1.22824974411,2.59067357513,-2.62626262626,6.84647302905,2.90524435373
1.44032921811,-0.912778904665,-1.22824974411,2.59067357513,-2.62626262626,6.84647302905,-0.679611650485,6.5093843061
-0.912778904665,-1.22824974411,2.59067357513,-2.62626262626,6.84647302905,-0.679611650485,1.66177908113,2.92276562826
-1.22824974411,2.59067357513,-2.62626262626,6.84647302905,-0.679611650485,1.66177908113,1.92307692308,2.12118403229
2.59067357513,-2.62626262626,6.84647302905,-0.679611650485,1.66177908113,1.92307692308,2.92452830189,-2.55935166331
-2.62626262626,6.84647302905,-0.679611650485,1.66177908113,1.92307692308,2.92452830189,-1.9248395967,-1.19895233002
6.84647302905,-0.679611650485,1.66177908113,1.92307692308,2.92452830189,-1.9248395967,1.1214953271,-2.13123289837
-0.679611650485,1.66177908113,1.92307692308,2.92452830189,-1.9248395967,1.1214953271,-1.75600739372,-0.847369036288
1.66177908113,1.92307692308,2.92452830189,-1.9248395967,1.1214953271,-1.75600739372,-0.564440263405,-0.0931754521993
1.92307692308,2.92452830189,-1.9248395967,1.1214953271,-1.75600739372,-0.564440263405,0.189214758751,-1.03996596853
2.92452830189,-1.9248395967,1.1214953271,-1.75600739372,-0.564440263405,0.189214758751,-0.472143531634,0.290956189062
-1.9248395967,1.1214953271,-1.75600739372,-0.564440263405,0.189214758751,-0.472143531634,0.189753320683,1.61492093839
1.1214953271,-1.75600739372,-0.564440263405,0.189214758751,-0.472143531634,0.189753320683,-0.757575757576,2.37249669596
-1.75600739372,-0.564440263405,0.189214758751,-0.472143531634,0.189753320683,-0.757575757576,0.858778625954,2.3524878743
-0.564440263405,0.189214758751,-0.472143531634,0.189753320683,-0.757575757576,0.858778625954,1.51371807001,3.51899161575
0.189214758751,-0.472143531634,0.189753320683,-0.757575757576,0.858778625954,1.51371807001,0.0,6.39927964455
-0.472143531634,0.189753320683,-0.757575757576,0.858778625954,1.51371807001,0.0,0.838769804287,4.86059732933
0.189753320683,-0.757575757576,0.858778625954,1.51371807001,0.0,0.838769804287,2.68022181146,2.53279842536
-0.757575757576,0.858778625954,1.51371807001,0.0,0.838769804287,2.68022181146,2.8802880288,0.793862459766
0.858778625954,1.51371807001,0.0,0.838769804287,2.68022181146,2.8802880288,-0.699912510936,0.712524970702
1.51371807001,0.0,0.838769804287,2.68022181146,2.8802880288,-0.699912510936,0.352422907489,-3.13946049147
0.0,0.838769804287,2.68022181146,2.8802880288,-0.699912510936,0.352422907489,1.14135206321,-2.01426677046
0.838769804287,2.68022181146,2.8802880288,-0.699912510936,0.352422907489,1.14135206321,-0.78125,-0.612449394569
2.68022181146,2.8802880288,-0.699912510936,0.352422907489,1.14135206321,-0.78125,-3.49956255468,3.32764179447
2.8802880288,-0.699912510936,0.352422907489,1.14135206321,-0.78125,-3.49956255468,2.26654578422,-0.0792548669452
-0.699912510936,0.352422907489,1.14135206321,-0.78125,-3.49956255468,2.26654578422,0.620567375887,14.9168592124
0.352422907489,1.14135206321,-0.78125,-3.49956255468,2.26654578422,0.620567375887,0.440528634361,13.6321248988
1.14135206321,-0.78125,-3.49956255468,2.26654578422,0.620567375887,0.440528634361,-1.14035087719,14.6176770144
-0.78125,-3.49956255468,2.26654578422,0.620567375887,0.440528634361,-1.14035087719,15.6166814552,-2.7044307974
-3.49956255468,2.26654578422,0.620567375887,0.440528634361,-1.14035087719,15.6166814552,-0.844205679202,-0.834988525139
2.26654578422,0.620567375887,0.440528634361,-1.14035087719,15.6166814552,-0.844205679202,-0.15479876161,-1.07050982598
0.620567375887,0.440528634361,-1.14035087719,15.6166814552,-0.844205679202,-0.15479876161,-1.70542635659,-1.95129036594
0.440528634361,-1.14035087719,15.6166814552,-0.844205679202,-0.15479876161,-1.70542635659,1.02523659306,-1.04571440872
-1.14035087719,15.6166814552,-0.844205679202,-0.15479876161,-1.70542635659,1.02523659306,-0.390320062451,-1.20788053412
15.6166814552,-0.844205679202,-0.15479876161,-1.70542635659,1.02523659306,-0.390320062451,-2.58620689655,5.50531048942
-0.844205679202,-0.15479876161,-1.70542635659,1.02523659306,-0.390320062451,-2.58620689655,1.93081255028,3.19340037816
-0.15479876161,-1.70542635659,1.02523659306,-0.390320062451,-2.58620689655,1.93081255028,-0.552486187845,7.41841908322
-1.70542635659,1.02523659306,-0.390320062451,-2.58620689655,1.93081255028,-0.552486187845,4.12698412698,10.450106543
1.02523659306,-0.390320062451,-2.58620689655,1.93081255028,-0.552486187845,4.12698412698,-0.381097560976,16.8918101645
-0.390320062451,-2.58620689655,1.93081255028,-0.552486187845,4.12698412698,-0.381097560976,3.67253251721,15.9465503746
-2.58620689655,1.93081255028,-0.552486187845,4.12698412698,-0.381097560976,3.67253251721,7.15867158672,18.4591809371
1.93081255028,-0.552486187845,4.12698412698,-0.381097560976,3.67253251721,7.15867158672,6.06060606061,22.0815719946
-0.552486187845,4.12698412698,-0.381097560976,3.67253251721,7.15867158672,6.06060606061,2.72727272727,21.6138893882
4.12698412698,-0.381097560976,3.67253251721,7.15867158672,6.06060606061,2.72727272727,9.67130214918,7.62604047643
-0.381097560976,3.67253251721,7.15867158672,6.06060606061,2.72727272727,9.67130214918,9.68299711816,1.59503046891
3.67253251721,7.15867158672,6.06060606061,2.72727272727,9.67130214918,9.68299711816,2.25959012086,0.941657964624
7.15867158672,6.06060606061,2.72727272727,9.67130214918,9.68299711816,2.25959012086,-4.31654676259,1.58660860279
6.06060606061,2.72727272727,9.67130214918,9.68299711816,2.25959012086,-4.31654676259,3.65198711063,-13.9235045004
2.72727272727,9.67130214918,9.68299711816,2.25959012086,-4.31654676259,3.65198711063,1.60621761658,-8.92311551041
9.67130214918,9.68299711816,2.25959012086,-4.31654676259,3.65198711063,1.60621761658,-3.67159612443,3.64988906472
9.68299711816,2.25959012086,-4.31654676259,3.65198711063,1.60621761658,-3.67159612443,-11.8581259926,26.578889346
2.25959012086,-4.31654676259,3.65198711063,1.60621761658,-3.67159612443,-11.8581259926,6.60660660661,29.1478765913
-4.31654676259,3.65198711063,1.60621761658,-3.67159612443,-11.8581259926,6.60660660661,8.9014084507,42.2174579016
3.65198711063,1.60621761658,-3.67159612443,-11.8581259926,6.60660660661,8.9014084507,11.0708742887,31.3564472016
1.60621761658,-3.67159612443,-11.8581259926,6.60660660661,8.9014084507,11.0708742887,9.17559385189,44.5543262991
-3.67159612443,-11.8581259926,6.60660660661,8.9014084507,11.0708742887,9.17559385189,21.9709897611,54.7852760703
-11.8581259926,6.60660660661,8.9014084507,11.0708742887,9.17559385189,21.9709897611,0.209863588667,55.6110111871
6.60660660661,8.9014084507,11.0708742887,9.17559385189,21.9709897611,0.209863588667,22.3734729494,6.18223181023
8.9014084507,11.0708742887,9.17559385189,21.9709897611,0.209863588667,22.3734729494,32.2019395322,4.9521892335
11.0708742887,9.17559385189,21.9709897611,0.209863588667,22.3734729494,32.2019395322,1.0355987055,0.899156464522
9.17559385189,21.9709897611,0.209863588667,22.3734729494,32.2019395322,1.0355987055,-27.0553064275,27.4013400527
21.9709897611,0.209863588667,22.3734729494,32.2019395322,1.0355987055,-27.0553064275,30.9718969555,-5.44772955638
0.209863588667,22.3734729494,32.2019395322,1.0355987055,-27.0553064275,30.9718969555,-3.01743406348,0.734560435302
22.3734729494,32.2019395322,1.0355987055,-27.0553064275,30.9718969555,-3.01743406348,-0.553122839364,22.8765111135
32.2019395322,1.0355987055,-27.0553064275,30.9718969555,-3.01743406348,-0.553122839364,-1.87717265353,21.2515184498
1.0355987055,-27.0553064275,30.9718969555,-3.01743406348,-0.553122839364,-1.87717265353,3.1648559282,16.6622722777
-27.0553064275,30.9718969555,-3.01743406348,-0.553122839364,-1.87717265353,3.1648559282,21.5888278388,-6.60905754058
30.9718969555,-3.01743406348,-0.553122839364,-1.87717265353,3.1648559282,21.5888278388,-3.50216531727,-0.892275754623
-3.01743406348,-0.553122839364,-1.87717265353,3.1648559282,21.5888278388,-3.50216531727,-1.4243902439,5.18052890724
-0.553122839364,-1.87717265353,3.1648559282,21.5888278388,-3.50216531727,-1.4243902439,-1.68250197941,5.13142915506
-1.87717265353,3.1648559282,21.5888278388,-3.50216531727,-1.4243902439,-1.68250197941,2.21461646869,-1.23947921174
3.1648559282,21.5888278388,-3.50216531727,-1.4243902439,-1.68250197941,2.21461646869,4.64841441796,-4.56894878558
21.5888278388,-3.50216531727,-1.4243902439,-1.68250197941,2.21461646869,4.64841441796,-1.7316017316,-6.68350090013
-3.50216531727,-1.4243902439,-1.68250197941,2.21461646869,4.64841441796,-1.7316017316,-4.1562918981,-11.5323372072
-1.4243902439,-1.68250197941,2.21461646869,4.64841441796,-1.7316017316,-4.1562918981,1.31894484412,-12.2200827727
-1.68250197941,2.21461646869,4.64841441796,-1.7316017316,-4.1562918981,1.31894484412,-3.84615384615,-6.89543430284
2.21461646869,4.64841441796,-1.7316017316,-4.1562918981,1.31894484412,-3.84615384615,-9.00512820513,-2.43776746637
4.64841441796,-1.7316017316,-4.1562918981,1.31894484412,-3.84615384615,-9.00512820513,0.631199278629,-5.56665407155
-1.7316017316,-4.1562918981,1.31894484412,-3.84615384615,-9.00512820513,0.631199278629,1.47849462366,-1.94552820184
-4.1562918981,1.31894484412,-3.84615384615,-9.00512820513,0.631199278629,1.47849462366,-4.54746136865,0.254833189377
1.31894484412,-3.84615384615,-9.00512820513,0.631199278629,1.47849462366,-4.54746136865,-2.49768732655,3.14540242025
-3.84615384615,-9.00512820513,0.631199278629,1.47849462366,-4.54746136865,-2.49768732655,5.09962049336,-2.02327884659
-9.00512820513,0.631199278629,1.47849462366,-4.54746136865,-2.49768732655,5.09962049336,-2.34709997743,6.95823716401
0.631199278629,1.47849462366,-4.54746136865,-2.49768732655,5.09962049336,-2.34709997743,0.392881904322,15.0553098935
1.47849462366,-4.54746136865,-2.49768732655,5.09962049336,-2.34709997743,0.392881904322,-0.0690607734807,9.8475885085
-4.54746136865,-2.49768732655,5.09962049336,-2.34709997743,0.392881904322,-0.0690607734807,6.63441603317,6.42948527751
-2.49768732655,5.09962049336,-2.34709997743,0.392881904322,-0.0690607734807,6.63441603317,8.48995463383,-2.83440010988
5.09962049336,-2.34709997743,0.392881904322,-0.0690607734807,6.63441603317,8.48995463383,-5.2767821585,1.5803130831
-2.34709997743,0.392881904322,-0.0690607734807,6.63441603317,8.48995463383,-5.2767821585,3.21631280219,3.35364831404
0.392881904322,-0.0690607734807,6.63441603317,8.48995463383,-5.2767821585,3.21631280219,-0.773930753564,-0.605215253038
-0.0690607734807,6.63441603317,8.48995463383,-5.2767821585,3.21631280219,-0.773930753564,-0.862068965517,3.07200585489
6.63441603317,8.48995463383,-5.2767821585,3.21631280219,-0.773930753564,-0.862068965517,4.98964803313,-4.83690934151
8.48995463383,-5.2767821585,3.21631280219,-0.773930753564,-0.862068965517,4.98964803313,-4.73279432065,0.580248313852
-5.2767821585,3.21631280219,-0.773930753564,-0.862068965517,4.98964803313,-4.73279432065,2.81515214241,-2.35848776265
3.21631280219,-0.773930753564,-0.862068965517,4.98964803313,-4.73279432065,2.81515214241,-2.91926716328,3.73669195992
-0.773930753564,-0.862068965517,4.98964803313,-4.73279432065,2.81515214241,-2.91926716328,0.684363334716,2.77249652446
-0.862068965517,4.98964803313,-4.73279432065,2.81515214241,-2.91926716328,0.684363334716,-0.123583934089,8.56855991335
4.98964803313,-4.73279432065,2.81515214241,-2.91926716328,0.684363334716,-0.123583934089,3.17591255929,23.3175335453
-4.73279432065,2.81515214241,-2.91926716328,0.684363334716,-0.123583934089,3.17591255929,-0.27983210074,36.4492234552
2.81515214241,-2.91926716328,0.684363334716,-0.123583934089,3.17591255929,-0.27983210074,5.6724794548,28.2396858476
-2.91926716328,0.684363334716,-0.123583934089,3.17591255929,-0.27983210074,5.6724794548,17.9248861912,25.8749049504
0.684363334716,-0.123583934089,3.17591255929,-0.27983210074,5.6724794548,17.9248861912,12.8518578092,9.58088060104
-0.123583934089,3.17591255929,-0.27983210074,5.6724794548,17.9248861912,12.8518578092,-2.53705815279,13.3761301038
3.17591255929,-0.27983210074,5.6724794548,17.9248861912,12.8518578092,-2.53705815279,15.5601052939,1.00007865398
-0.27983210074,5.6724794548,17.9248861912,12.8518578092,-2.53705815279,15.5601052939,-3.44216654012,26.0930229161
5.6724794548,17.9248861912,12.8518578092,-2.53705815279,15.5601052939,-3.44216654012,1.25819134993,22.1744892276
17.9248861912,12.8518578092,-2.53705815279,15.5601052939,-3.44216654012,1.25819134993,3.18405384416,22.602723519
12.8518578092,-2.53705815279,15.5601052939,-3.44216654012,1.25819134993,3.18405384416,21.650777722,-2.93313752785
-2.53705815279,15.5601052939,-3.44216654012,1.25819134993,3.18405384416,21.650777722,-2.66034233863,-3.02782125028
15.5601052939,-3.44216654012,1.25819134993,3.18405384416,21.650777722,-2.66034233863,3.61228813559,-6.92451104853
-3.44216654012,1.25819134993,3.18405384416,21.650777722,-2.66034233863,3.61228813559,-3.88508332481,-4.83846238804
1.25819134993,3.18405384416,21.650777722,-2.66034233863,3.61228813559,-3.88508332481,-2.75502606106,-1.68129155486
3.18405384416,21.650777722,-2.66034233863,3.61228813559,-3.88508332481,-2.75502606106,-0.284401662656,-2.75425526827
21.650777722,-2.66034233863,3.61228813559,-3.88508332481,-2.75502606106,-0.284401662656,-1.79903466433,1.50361088715
-2.66034233863,3.61228813559,-3.88508332481,-2.75502606106,-0.284401662656,-1.79903466433,0.402144772118,1.04642428324
3.61228813559,-3.88508332481,-2.75502606106,-0.284401662656,-1.79903466433,0.402144772118,-1.35736537606,4.1881271414
-3.88508332481,-2.75502606106,-0.284401662656,-1.79903466433,0.402144772118,-1.35736537606,2.45883149109,-1.4846422352
-2.75502606106,-0.284401662656,-1.79903466433,0.402144772118,-1.35736537606,2.45883149109,-0.0550418317922,-0.960011852425
-0.284401662656,-1.79903466433,0.402144772118,-1.35736537606,2.45883149109,-0.0550418317922,1.7843374821,5.10118816826
-1.79903466433,0.402144772118,-1.35736537606,2.45883149109,-0.0550418317922,1.7843374821,-3.21393788551,41.975223051
0.402144772118,-1.35736537606,2.45883149109,-0.0550418317922,1.7843374821,-3.21393788551,0.469588550984,39.1818485045
-1.35736537606,2.45883149109,-0.0550418317922,1.7843374821,-3.21393788551,0.469588550984,7.84553750278,56.1703293387
2.45883149109,-0.0550418317922,1.7843374821,-3.21393788551,0.469588550984,7.84553750278,33.6600969972,32.843270204
-0.0550418317922,1.7843374821,-3.21393788551,0.469588550984,7.84553750278,33.6600969972,-2.32378599552,39.5800023719
1.7843374821,-3.21393788551,0.469588550984,7.84553750278,33.6600969972,-2.32378599552,24.834018337,19.1977564998
-3.21393788551,0.469588550984,7.84553750278,33.6600969972,-2.32378599552,24.834018337,10.3330378625,0.656352417933
0.469588550984,7.84553750278,33.6600969972,-2.32378599552,24.834018337,10.3330378625,4.41294617239,-11.8104773887
7.84553750278,33.6600969972,-2.32378599552,24.834018337,10.3330378625,4.41294617239,4.45177246496,-17.9081351405
33.6600969972,-2.32378599552,24.834018337,10.3330378625,4.41294617239,4.45177246496,-8.20836621942,-1.61787236934
-2.32378599552,24.834018337,10.3330378625,4.41294617239,4.45177246496,-8.20836621942,-8.05388363428,20.746022408
24.834018337,10.3330378625,4.41294617239,4.45177246496,-8.20836621942,-8.05388363428,-1.64588528678,41.3750281093
10.3330378625,4.41294617239,4.45177246496,-8.20836621942,-8.05388363428,-1.64588528678,8.08189655172,32.7584413761
4.41294617239,4.45177246496,-8.20836621942,-8.05388363428,-1.64588528678,8.08189655172,14.310011143,14.7938587673
4.45177246496,-8.20836621942,-8.05388363428,-1.64588528678,8.08189655172,14.310011143,18.9831204146,-3.49631708283
-8.20836621942,-8.05388363428,-1.64588528678,8.08189655172,14.310011143,18.9831204146,-0.534690181536,-2.69350642583
-8.05388363428,-1.64588528678,8.08189655172,14.310011143,18.9831204146,-0.534690181536,-3.65457146573,10.2979043304
-1.64588528678,8.08189655172,14.310011143,18.9831204146,-0.534690181536,-3.65457146573,0.692944564435,10.880792318
8.08189655172,14.310011143,18.9831204146,-0.534690181536,-3.65457146573,0.692944564435,0.268120475467,17.0563649924
14.310011143,18.9831204146,-0.534690181536,-3.65457146573,0.692944564435,0.268120475467,9.33683929049,5.29959149384
18.9831204146,-0.534690181536,-3.65457146573,0.692944564435,0.268120475467,9.33683929049,1.27583255207,5.41872929864
-0.534690181536,-3.65457146573,0.692944564435,0.268120475467,9.33683929049,1.27583255207,6.4436931498,6.64500213654
-3.65457146573,0.692944564435,0.268120475467,9.33683929049,1.27583255207,6.4436931498,-2.41993420804,28.916572605
0.692944564435,0.268120475467,9.33683929049,1.27583255207,6.4436931498,-2.41993420804,1.39497035688,28.3922747982
0.268120475467,9.33683929049,1.27583255207,6.4436931498,-2.41993420804,1.39497035688,7.66996598769,38.5961234372
9.33683929049,1.27583255207,6.4436931498,-2.41993420804,1.39497035688,7.66996598769,19.8516362604,17.760651963
1.27583255207,6.4436931498,-2.41993420804,1.39497035688,7.66996598769,19.8516362604,0.870672550123,7.20793483874
6.4436931498,-2.41993420804,1.39497035688,7.66996598769,19.8516362604,0.870672550123,17.8738146267,-9.86376309112
-2.41993420804,1.39497035688,7.66996598769,19.8516362604,0.870672550123,17.8738146267,-0.983835213828,-6.58666674945
1.39497035688,7.66996598769,19.8516362604,0.870672550123,17.8738146267,-0.983835213828,-9.68204457413,5.57491757024
7.66996598769,19.8516362604,0.870672550123,17.8738146267,-0.983835213828,-9.68204457413,0.802116696839,2.67744229034
19.8516362604,0.870672550123,17.8738146267,-0.983835213828,-9.68204457413,0.802116696839,2.29326112784,0.00728997636998
0.870672550123,17.8738146267,-0.983835213828,-9.68204457413,0.802116696839,2.29326112784,2.47953974556,-5.46095430359
17.8738146267,-0.983835213828,-9.68204457413,0.802116696839,2.29326112784,2.47953974556,-2.09535858306,-9.52994112443
-0.983835213828,-9.68204457413,0.802116696839,2.29326112784,2.47953974556,-2.09535858306,-0.37689118613,-9.30147514684
-9.68204457413,0.802116696839,2.29326112784,2.47953974556,-2.09535858306,-0.37689118613,-2.9887045344,-4.71631432918
0.802116696839,2.29326112784,2.47953974556,-2.09535858306,-0.37689118613,-2.9887045344,-6.1643454039,-3.83083590017
2.29326112784,2.47953974556,-2.09535858306,-0.37689118613,-2.9887045344,-6.1643454039,-0.148425208537,-9.99998869596
2.47953974556,-2.09535858306,-0.37689118613,-2.9887045344,-6.1643454039,-0.148425208537,1.59645628326,-21.6739387962
-2.09535858306,-0.37689118613,-2.9887045344,-6.1643454039,-0.148425208537,1.59645628326,-5.27886697489,-8.91404941491
-0.37689118613,-2.9887045344,-6.1643454039,-0.148425208537,1.59645628326,-5.27886697489,-6.31757800432,9.29066223437
-2.9887045344,-6.1643454039,-0.148425208537,1.59645628326,-5.27886697489,-6.31757800432,-10.077493817,11.7293306923
-6.1643454039,-0.148425208537,1.59645628326,-5.27886697489,-6.31757800432,-10.077493817,7.4810224064,1.62020474653
-0.148425208537,1.59645628326,-5.27886697489,-6.31757800432,-10.077493817,7.4810224064,11.887133645,-17.1569329673
1.59645628326,-5.27886697489,-6.31757800432,-10.077493817,7.4810224064,11.887133645,-7.63882535907,-4.64192406856
-5.27886697489,-6.31757800432,-10.077493817,7.4810224064,11.887133645,-7.63882535907,-2.62810353936,-3.78124300915
-6.31757800432,-10.077493817,7.4810224064,11.887133645,-7.63882535907,-2.62810353936,-6.8900040689,-0.284664178853
-10.077493817,7.4810224064,11.887133645,-7.63882535907,-2.62810353936,-6.8900040689,4.87618353969,-6.81836692821
7.4810224064,11.887133645,-7.63882535907,-2.62810353936,-6.8900040689,4.87618353969,-1.76742247995,-4.38866815254
11.887133645,-7.63882535907,-2.62810353936,-6.8900040689,4.87618353969,-1.76742247995,-3.3934252386,-10.0730473863
-7.63882535907,-2.62810353936,-6.8900040689,4.87618353969,-1.76742247995,-3.3934252386,-1.65751920966,-6.09429560622
-2.62810353936,-6.8900040689,4.87618353969,-1.76742247995,-3.3934252386,-1.65751920966,0.662276295718,-10.5547443294
-6.8900040689,4.87618353969,-1.76742247995,-3.3934252386,-1.65751920966,0.662276295718,-9.07780447237,-12.5366573759
4.87618353969,-1.76742247995,-3.3934252386,-1.65751920966,0.662276295718,-9.07780447237,2.32123257043,-23.1974144634
-1.76742247995,-3.3934252386,-1.65751920966,0.662276295718,-9.07780447237,2.32123257043,-3.79817242749,-2.49448013112
-3.3934252386,-1.65751920966,0.662276295718,-9.07780447237,2.32123257043,-3.79817242749,-11.0597175188,-0.552065554649
-1.65751920966,0.662276295718,-9.07780447237,2.32123257043,-3.79817242749,-11.0597175188,-8.33952451709,2.98604762405
0.662276295718,-9.07780447237,2.32123257043,-3.79817242749,-11.0597175188,-8.33952451709,16.9047619048,-28.4434062571
-9.07780447237,2.32123257043,-3.79817242749,-11.0597175188,-8.33952451709,16.9047619048,-9.11730294232,-27.1193764895
2.32123257043,-3.79817242749,-11.0597175188,-8.33952451709,16.9047619048,-9.11730294232,-4.80141133839,0.597642373055
-3.79817242749,-11.0597175188,-8.33952451709,16.9047619048,-9.11730294232,-4.80141133839,-14.5246919764,36.3042183325
-11.0597175188,-8.33952451709,16.9047619048,-9.11730294232,-4.80141133839,-14.5246919764,-7.79327317473,29.2973720482
-8.33952451709,16.9047619048,-9.11730294232,-4.80141133839,-14.5246919764,-7.79327317473,22.9156075241,20.1824655756
16.9047619048,-9.11730294232,-4.80141133839,-14.5246919764,-7.79327317473,22.9156075241,21.181883983,-4.93763894779
-9.11730294232,-4.80141133839,-14.5246919764,-7.79327317473,22.9156075241,21.181883983,-14.800119459,14.9790578554
-4.80141133839,-14.5246919764,-7.79327317473,22.9156075241,21.181883983,-14.800119459,13.8007010516,-0.359903611058
-14.5246919764,-7.79327317473,22.9156075241,21.181883983,-14.800119459,13.8007010516,-3.93822054035,3.02952294832
-7.79327317473,22.9156075241,21.181883983,-14.800119459,13.8007010516,-3.93822054035,5.11657734414,-10.097378814
22.9156075241,21.181883983,-14.800119459,13.8007010516,-3.93822054035,5.11657734414,-1.53826041485,-9.89432230797
21.181883983,-14.800119459,13.8007010516,-3.93822054035,5.11657734414,-1.53826041485,-0.548793980969,-9.16411131302
-14.800119459,13.8007010516,-3.93822054035,5.11657734414,-1.53826041485,-0.548793980969,-8.01032441814,-6.63538438901
13.8007010516,-3.93822054035,5.11657734414,-1.53826041485,-0.548793980969,-8.01032441814,-1.33520390886,1.26050717519
-3.93822054035,5.11657734414,-1.53826041485,-0.548793980969,-8.01032441814,-1.33520390886,0.181417013974,-2.71604079753
5.11657734414,-1.53826041485,-0.548793980969,-8.01032441814,-1.33520390886,0.181417013974,-5.48159749413,5.74060468124
-1.53826041485,-0.548793980969,-8.01032441814,-1.33520390886,0.181417013974,-5.48159749413,6.56068765534,10.4125652821
-0.548793980969,-8.01032441814,-1.33520390886,0.181417013974,-5.48159749413,6.56068765534,-3.79513095874,11.200243756
-8.01032441814,-1.33520390886,0.181417013974,-5.48159749413,6.56068765534,-3.79513095874,2.97504798464,10.6757527161
-1.33520390886,0.181417013974,-5.48159749413,6.56068765534,-3.79513095874,2.97504798464,11.2326482562,-1.56426218609
0.181417013974,-5.48159749413,6.56068765534,-3.79513095874,2.97504798464,11.2326482562,-3.0074524849,16.4340003584
-5.48159749413,6.56068765534,-3.79513095874,2.97504798464,11.2326482562,-3.0074524849,2.45055694476,15.9560760596
6.56068765534,-3.79513095874,2.97504798464,11.2326482562,-3.0074524849,2.45055694476,-1.00736664596,19.8727977539
-3.79513095874,2.97504798464,11.2326482562,-3.0074524849,2.45055694476,-1.00736664596,14.9908100596,15.1316347706
2.97504798464,11.2326482562,-3.0074524849,2.45055694476,-1.00736664596,14.9908100596,1.9726326459,12.9096507751
11.2326482562,-3.0074524849,2.45055694476,-1.00736664596,14.9908100596,1.9726326459,2.90935504836,9.95300322264
-3.0074524849,2.45055694476,-1.00736664596,14.9908100596,1.9726326459,2.90935504836,10.2496470763,4.086741864
2.45055694476,-1.00736664596,14.9908100596,1.9726326459,2.90935504836,10.2496470763,-0.24935134953,4.89945525458
-1.00736664596,14.9908100596,1.9726326459,2.90935504836,10.2496470763,-0.24935134953,-0.0472925041381,0.909400688533
14.9908100596,1.9726326459,2.90935504836,10.2496470763,-0.24935134953,-0.0472925041381,4.38338571767,-2.78955907463
1.9726326459,2.90935504836,10.2496470763,-0.24935134953,-0.0472925041381,4.38338571767,0.563362041054,-6.77844594074
2.90935504836,10.2496470763,-0.24935134953,-0.0472925041381,4.38338571767,0.563362041054,-4.03734707019,1.55467091759
10.2496470763,-0.24935134953,-0.0472925041381,4.38338571767,0.563362041054,-4.03734707019,0.684425954506,0.602272620478
-0.24935134953,-0.0472925041381,4.38338571767,0.563362041054,-4.03734707019,0.684425954506,-3.42552482506,2.08060710519
-0.0472925041381,4.38338571767,0.563362041054,-4.03734707019,0.684425954506,-3.42552482506,4.29576978814,-1.57914657956
4.38338571767,0.563362041054,-4.03734707019,0.684425954506,-3.42552482506,4.29576978814,-0.267972342608,0.0200524413633
0.563362041054,-4.03734707019,0.684425954506,-3.42552482506,4.29576978814,-0.267972342608,-1.94719034034,8.65536274322
-4.03734707019,0.684425954506,-3.42552482506,4.29576978814,-0.267972342608,-1.94719034034,0.636016103386,5.90485302996
0.684425954506,-3.42552482506,4.29576978814,-0.267972342608,-1.94719034034,0.636016103386,1.33122667832,5.44087118153
-3.42552482506,4.29576978814,-0.267972342608,-1.94719034034,0.636016103386,1.33122667832,6.68811996152,1.30062222026
4.29576978814,-0.267972342608,-1.94719034034,0.636016103386,1.33122667832,6.68811996152,-2.11449360988,5.35301700025
-0.267972342608,-1.94719034034,0.636016103386,1.33122667832,6.68811996152,-2.11449360988,0.867244829887,5.0762759062
-1.94719034034,0.636016103386,1.33122667832,6.68811996152,-2.11449360988,0.867244829887,2.54787100025,6.72452327183
0.636016103386,1.33122667832,6.68811996152,-2.11449360988,0.867244829887,2.54787100025,1.93790117011,4.7463794963
1.33122667832,6.68811996152,-2.11449360988,0.867244829887,2.54787100025,1.93790117011,0.59050373584,10.746817529
6.68811996152,-2.11449360988,0.867244829887,2.54787100025,1.93790117011,0.59050373584,4.19611836588,8.66039242124
-2.11449360988,0.867244829887,2.54787100025,1.93790117011,0.59050373584,4.19611836588,-0.0402426054212,9.90278039378
0.867244829887,2.54787100025,1.93790117011,0.59050373584,4.19611836588,-0.0402426054212,6.59094176851,4.53886452335
2.54787100025,1.93790117011,0.59050373584,4.19611836588,-0.0402426054212,6.59094176851,2.10969325815,-7.56721806786
1.93790117011,0.59050373584,4.19611836588,-0.0402426054212,6.59094176851,2.10969325815,1.20214536712,-9.19918749367
0.59050373584,4.19611836588,-0.0402426054212,6.59094176851,2.10969325815,1.20214536712,1.22702589808,-25.4803172251
4.19611836588,-0.0402426054212,6.59094176851,2.10969325815,1.20214536712,1.22702589808,-9.99638933306,-9.44672898967
-0.0402426054212,6.59094176851,2.10969325815,1.20214536712,1.22702589808,-9.99638933306,-0.429824058685,-2.19560073596
6.59094176851,2.10969325815,1.20214536712,1.22702589808,-9.99638933306,-0.429824058685,-15.0541038333,11.3899381635
2.10969325815,1.20214536712,1.22702589808,-9.99638933306,-0.429824058685,-15.0541038333,6.03719890233,-4.64331452876
1.20214536712,1.22702589808,-9.99638933306,-0.429824058685,-15.0541038333,6.03719890233,6.82130419502,-12.1728817929
1.22702589808,-9.99638933306,-0.429824058685,-15.0541038333,6.03719890233,6.82130419502,-1.4685649339,-12.6234744677
-9.99638933306,-0.429824058685,-15.0541038333,6.03719890233,6.82130419502,-1.4685649339,-9.99605378988,-0.625689076104
-0.429824058685,-15.0541038333,6.03719890233,6.82130419502,-1.4685649339,-9.99605378988,-0.70826306914,-0.959764648189
-15.0541038333,6.03719890233,6.82130419502,-1.4685649339,-9.99605378988,-0.70826306914,-1.9191576087,-3.96409568287
6.03719890233,6.82130419502,-1.4685649339,-9.99605378988,-0.70826306914,-1.9191576087,2.00173160173,-28.7726548982
6.82130419502,-1.4685649339,-9.99605378988,-0.70826306914,-1.9191576087,2.00173160173,-1.04233864123,-10.6436910408
-1.4685649339,-9.99605378988,-0.70826306914,-1.9191576087,2.00173160173,-1.04233864123,-4.92348864338,-7.29330788328
-9.99605378988,-0.70826306914,-1.9191576087,2.00173160173,-1.04233864123,-4.92348864338,-22.8068276136,17.6350514519
-0.70826306914,-1.9191576087,2.00173160173,-1.04233864123,-4.92348864338,-22.8068276136,17.0866252162,17.1323388474
-1.9191576087,2.00173160173,-1.04233864123,-4.92348864338,-22.8068276136,17.0866252162,-1.57310548591,15.0597884559
2.00173160173,-1.04233864123,-4.92348864338,-22.8068276136,17.0866252162,-1.57310548591,2.12153172156,13.2706471163
-1.04233864123,-4.92348864338,-22.8068276136,17.0866252162,-1.57310548591,2.12153172156,16.5839126117,-12.1805383509
-4.92348864338,-22.8068276136,17.0866252162,-1.57310548591,2.12153172156,16.5839126117,-3.64565587734,-6.31893383095
-22.8068276136,17.0866252162,-1.57310548591,2.12153172156,16.5839126117,-3.64565587734,0.332390381895,1.61926713822
17.0866252162,-1.57310548591,2.12153172156,16.5839126117,-3.64565587734,0.332390381895,-8.86727285543,9.19709665578
-1.57310548591,2.12153172156,16.5839126117,-3.64565587734,0.332390381895,-8.86727285543,2.21594864259,10.4681205422
2.12153172156,16.5839126117,-3.64565587734,0.332390381895,-8.86727285543,2.21594864259,8.27059135107,0.524762112851
16.5839126117,-3.64565587734,0.332390381895,-8.86727285543,2.21594864259,8.27059135107,-1.28944333788,8.4347175576
-3.64565587734,0.332390381895,-8.86727285543,2.21594864259,8.27059135107,-1.28944333788,3.48697252903,2.55925675892
0.332390381895,-8.86727285543,2.21594864259,8.27059135107,-1.28944333788,3.48697252903,-1.6727670783,1.66474989439
-8.86727285543,2.21594864259,8.27059135107,-1.28944333788,3.48697252903,-1.6727670783,6.62051210687,-1.52830827212
2.21594864259,8.27059135107,-1.28944333788,3.48697252903,-1.6727670783,6.62051210687,-2.38848826965,1.1520926891
8.27059135107,-1.28944333788,3.48697252903,-1.6727670783,6.62051210687,-2.38848826965,-2.56727394284,2.11190483396
-1.28944333788,3.48697252903,-1.6727670783,6.62051210687,-2.38848826965,-2.56727394284,3.42745394037,-3.00305751033
3.48697252903,-1.6727670783,6.62051210687,-2.38848826965,-2.56727394284,3.42745394037,0.291912691568,-3.22658478167
-1.6727670783,6.62051210687,-2.38848826965,-2.56727394284,3.42745394037,0.291912691568,-1.60746179798,-0.525703999211
6.62051210687,-2.38848826965,-2.56727394284,3.42745394037,0.291912691568,-1.60746179798,-1.68750840393,5.46451514628
-2.38848826965,-2.56727394284,3.42745394037,0.291912691568,-1.60746179798,-1.68750840393,0.0683854202284,6.21598779015
-2.56727394284,3.42745394037,0.291912691568,-1.60746179798,-1.68750840393,0.0683854202284,1.09341898449,4.31580614174
3.42745394037,0.291912691568,-1.60746179798,-1.68750840393,0.0683854202284,1.09341898449,4.30271074157,-3.62256125386
0.291912691568,-1.60746179798,-1.68750840393,0.0683854202284,1.09341898449,4.30271074157,0.819858064098,-3.60849753175
-1.60746179798,-1.68750840393,0.0683854202284,1.09341898449,4.30271074157,0.819858064098,-0.806762663924,-1.6045494208
-1.68750840393,0.0683854202284,1.09341898449,4.30271074157,0.819858064098,-0.806762663924,-3.63565665403,2.2551894846
0.0683854202284,1.09341898449,4.30271074157,0.819858064098,-0.806762663924,-3.63565665403,0.833921786207,12.8041834609
1.09341898449,4.30271074157,0.819858064098,-0.806762663924,-3.63565665403,0.833921786207,1.19718544703,11.8638170007
4.30271074157,0.819858064098,-0.806762663924,-3.63565665403,0.833921786207,1.19718544703,0.224082251368,10.7475874126
0.819858064098,-0.806762663924,-3.63565665403,0.833921786207,1.19718544703,0.224082251368,11.3829157625,-1.59195342419
-0.806762663924,-3.63565665403,0.833921786207,1.19718544703,0.224082251368,11.3829157625,0.256818986893,-6.73808790691
-3.63565665403,0.833921786207,1.19718544703,0.224082251368,11.3829157625,0.256818986893,-0.892147336808,-6.71638336057
