symbol,price_btc,circulating_supply
BTC,1.0,17006812.0
ETH,0.0745467,99138147.4053
XRP,0.0000918851,39146203398.0
BCH,0.151493,17101687.5
EOS,0.00198853,824939926.681
ADA,0.0000373209,25927070538.0
LTC,0.0163652,56315662.6509
XLM,0.000046625,18571311567.2
TRX,0.00000978176,65748111645.1
NEO,0.00928006,65000000.0
MIOTA,0.000213115,2779530283.0
XMR,0.0261312,15982798.9578
DASH,0.0518895,8038371.53571
XEM,0.0000442363,8999999999.0
USDT,0.000108698,2417140813.52
VEN,0.000486385,525779137.697
ETC,0.00238527,101451319.0
QTUM,0.00254084,88560276.0
OMG,0.00186232,102042551.763
ICX,0.000476105,387231348.457
BNB,0.00157249,114041290.11
LSK,0.0013151,105389070.432
BTG,0.00813056,16974636.089
AE,0.000511107,233020472.114
NANO,0.000891211,133248289.204
ZEC,0.0310136,3812706.25
BTM,0.000113874,987000000.0
XVG,0.00000731489,14938798005.7
STEEM,0.000429791,253686599.166
BCN,5.81977E-7,1.8386507792E+11
ONT,0.000934885,112619657.893
SC,0.00000299099,34120328684.0
PPT,0.00262823,37004026.8944
WAN,0.00091423,106152492.636
BTS,0.0000364517,2620240000.0
BCD,0.000596579,153375125.0
ZIL,0.0000115698,7284013186.24
WAVES,0.000756173,100000000.0
STRAT,0.000747326,98836766.2036
MKR,0.115697,618227.770106
BTCP,0.00344752,20420040.202
ZRX,0.000129075,525605246.99
DOGE,5.71358E-7,114239550116
RHOC,0.000181314,359816353.988
DCR,0.0088139,7145742.91082
LRC,0.000108642,572074043.309
SNT,0.0000174779,3470483788.0
XIN,0.144408,416466.227529
DGD,0.0297395,2000000.0
HSR,0.00127219,42925565.0891
IOST,0.00000645279,8400000000.0
AION,0.000406924,133073438.978
WTC,0.0017326,31144099.4107
GNT,0.0000611216,834262000.0
ELF,0.000203577,250000000.0
BAT,0.0000485833,1000000000.0
REP,0.00433339,11000000.0
DGB,0.0000045768,10186012255.7
KMD,0.000442054,104053283.089
ARDR,0.0000431132,998999495.0
ARK,0.000401711,102234282.0
MITH,0.000128093,305054520.126
KNC,0.000290905,134132696.93
NAS,0.00103706,35500000.0
CTXC,0.000233014,149792458.0
QASH,0.0000989953,350000000.0
KCS,0.000455731,75730576.0001
SUB,0.0000896817,383020999.96
PIVX,0.000609835,56096469.1325
GAS,0.00333618,10128375.1058
MONA,0.000561921,59127574.8935
CENNZ,0.00004799,687483001.512
DRGN,0.000131471,238421940.0
SYS,0.0000585358,532650343.474
ETHOS,0.000394453,76404704.0385
CNX,0.000663191,45240781.6597
STORM,0.00000702175,4091706233.6
DCN,8.6853E-8,325226613094
RDD,9.79823E-7,28808713173.8
FCT,0.00310798,8745102.0
GXS,0.00045277,60000000.0
ELA,0.00515229,5122570.90952
NPXS,4.62822E-7,56941511923.4
SALT,0.000450272,57963292.727
BNT,0.000498797,51650373.3433
FUN,0.00000518686,4723473188.66
VERI,0.011691,2036645.44
GTO,0.0000538126,429699460.993
WAX,0.0000368853,621779038.012
NXT,0.000022736,998999941.508
ENG,0.000297322,74836171.09
POWR,0.0000605155,366344075.92
NEBL,0.0016775,13049664.4357
XZC,0.00469986,4646474.99977
FSN,0.000705309,29684331.2
MCO,0.00127518,15793831.095
NCASH,0.00000487784,4117034633.5
KIN,2.64171E-8,756097560976
LINK,0.0000550029,350000000.0
CMT,0.0000302462,633879773.727
R,0.000102725,186450000.0
LOOM,0.0000345498,552745619.089
DBC,0.0000124169,1500000000.0
REQ,0.0000280597,662961245.939
ETN,0.00000267152,6851729979.56
GBYTE,0.0282007,645946.012935
MAID,0.0000400224,452552412.0
PAY,0.000166,109004760.534
SMT,0.0000126672,1413716693.85
ACT,0.0000368302,476722250.511
MANA,0.0000163823,1050141509.43
NULS,0.000429824,40000000.0
STORJ,0.000124948,135787538.7
CND,0.0000116827,1445976590.33
ICN,0.000165615,99735686.8829
ZEN,0.00436655,3740800.0
SKY,0.0019988,8059174.0
POA,0.0000777662,204302587.957
BOS,0.0000356692,438244500.355
PART,0.00174362,8951446.48632
MAN,0.000102608,150000000.0
CVC,0.0000434744,342699966.0
SRN,0.0000647455,229258029.0
NXS,0.000253977,56994189.7327
PAYX,0.000208428,68428768.29
EMC,0.000340413,41672348.2961
POE,0.00000624836,2256920162.0
RLC,0.000175162,80070793.2388
RUFF,0.0000151232,921800000.0
QSP,0.0000225704,617314170.819
BTCD,0.01081,1288862.18408
POLY,0.0000575784,239999750.0
TNB,0.00000577671,2361679677.22
ENJ,0.0000179936,756192535.064
TPAY,0.000882112,15331667.7709
GNX,0.0000560353,240762888.798
LCC,0.0000236917,567269707.209
MTL,0.000542535,24212368.2058
AGI,0.0000243201,539673260.161
GNO,0.0118674,1104590.0
SMART,0.0000141496,922510132.823
ABT,0.000138073,93080732.3672
GAME,0.000199446,64355352.0
RPX,0.0000158989,805454814.5
VTC,0.000289403,44003100.0
HT,0.00025243,50000200.0
SAN,0.000199699,62660370.957
PPP,0.000150679,82500000.0
CPX,0.0000304089,407036833.0
ANT,0.000467628,26369501.7345
DROP,6.55236E-7,18749237712.0
DENT,0.00000115617,10614760961.2
BLZ,0.0000732742,165000000.0
RDN,0.000238632,50168936.0
AMB,0.0000806743,144590975.0
DTR,0.0000096301,1202053264.0
SPHTX,0.0000594263,191969666.65
BLOCK,0.00220719,5120743.6419
GTC,0.0000186756,598211982.999
HPB,0.000375353,29702631.937
BTX,0.000738824,14818695.67
TOMO,0.000198687,55000000.0
MED,0.00000362576,2966384100.0
GRS,0.000150326,69939673.8874
DTA,0.00000224945,4626502186.4
DEW,0.000100657,103244552.962
ZCL,0.00269608,3851850.0
AUTO,0.00000165391,6274940000.0
BTO,0.00002184,474465294.26
CS,0.0000731205,137508658.018
XDN,0.00000143646,6899846788.7
TKY,0.00000215332,4504993287.0
UBQ,0.000236806,40617103.8852
XAS,0.000102825,93355331.0
PLR,0.0000421812,227384800.0
NAV,0.000152604,62772762.7464
SNM,0.0000265111,359600000.0
THETA,0.0000155073,613211464.0
LEND,0.00000867957,1086339145.85
DDD,0.0000305432,300056960.0
GVT,0.00245033,3726780.89997
VEE,0.00000588199,1531433921.3
AST,0.0000600104,150000000.0
IGNIS,0.0000117954,761143950.0
OST,0.0000278834,305788520.321
INK,0.000018373,463910526.92
BCO,0.000311177,27000000.0
SNGLS,0.0000139631,600000000.0
ADX,0.000113719,73430701.0
NANJ,4.30397E-7,19361889557.3
EDO,0.000284454,29261461.2776
CLOAK,0.00162208,5126849.7244
ITC,0.000168031,48603729.08
BIX,0.0000772331,104342466.049
RCN,0.0000163914,491280790.761
C20,0.000201392,39631641.9307
BAY,0.00000774981,1011774646.19
APPC,0.0000782568,100054311.845
EMC2,0.0000354657,216864257.6
BRD,0.0000863892,88862717.693
SOC,0.0000101911,745190105.297
DATA,0.0000105845,677154514.0
QRL,0.000137712,52000000.0
IHT,0.0000198,356927833.428
WPR,0.0000171025,408449325.814
VIBE,0.0000349397,199913906.56
TNT,0.0000161873,428481269.499
PPC,0.000275274,24737104.777
INS,0.000222298,30300918.1344
WABI,0.000148177,45248032.811
DNT,0.000011155,600000000.0
TEL,2.28019E-7,29060868833.7
CRPT,0.0000834726,78706576.9896
ION,0.0003139,20885955.4794
JNT,0.0000422065,150000000.0
SLS,0.00616318,1010440.85194
VIA,0.000269041,23024559.6875
WINGS,0.0000683781,89708333.0
EDG,0.0000745287,82046297.0
XPM,0.000256478,23445001.2103
ELEC,0.0000165828,357147878.709
QLC,0.0000246327,240000000.0
TKN,0.000245453,23946572.6104
UTK,0.0000204632,287227524.588
INT,0.0000389499,150000000.0
TRIG,0.000180983,32105577.5103
MNX,0.00157319,3686946.92036
SPANK,0.0000192231,300043386.0
RNTB,0.00000682819,841750000.0
MOD,0.000314292,18266200.0
XCP,0.0021925,2616482.02098
LBC,0.0000348944,163203121.001
MDS,0.0000106888,506750987.455
PURA,0.0000311033,173584358.52
FUEL,0.0000110913,485675392.554
PRL,0.0000689745,77966926.2205
DPY,0.000138197,38750005.0184
BANCA,4.55333E-7,11675255731.8
TRAC,0.0000207174,254507605.599
OCN,0.00000259791,2000000000.0
BURST,0.00000259565,1932747403.0
BCPT,0.0000692627,72351752.2867
EVN,0.0000460753,108563219.576
RKT,0.0000164327,302887021.143
WGR,0.0000267688,183000000.0
DATX,0.00000376593,1292868388.26
TAAS,0.000592313,8146000.7794
NLG,0.0000120912,396544600.0
FTC,0.0000257818,184604440.0
COSS,0.0000398702,118810621.886
XP,2.0844E-8,226116672651
ECA,1.9035E-7,24651767793.7
UTNP,0.00000262327,1757773856.93
TNC,0.0000138256,333333333.0
MOBI,0.0000121521,376657502.4
SBD,0.000362606,12572123.258
REN,0.0000097588,466953693.06
MLN,0.00753495,599400.0
BITCNY,0.0000175295,256969000.0
ETP,0.000125989,35499503.0061
CDT,0.00000680282,657023039.17
DCT,0.0000867706,51306089.0
PRE,0.000028284,155000000.0
SOAR,0.00000404,1081269353.05
KICK,0.00000960732,452072231.344
CSC,1.20307E-7,35973085511.3
SAFEX,0.00000280284,1543157590.0
NGC,0.0000735605,57672338.0
DAT,0.00000478281,880811506.299
QUN,0.00000513568,804304194.098
ADT,0.00000682211,600000000.0
TRUE,0.000163304,25000000.0
XBY,0.00000945026,430000000.0
YOYOW,0.0000152268,263343445.107
TEN,0.0000321657,124607147.91
MGO,0.0000405459,98028877.0
LET,0.00000654914,600000000.0
UKG,0.0000278141,141022371.35
SENT,0.00000205651,1899999999.15
VIB,0.0000231045,168053133.432
LGO,0.0000323963,119635679.45
COB,0.0000106876,362246647.008
CPC,0.0000166539,226765852.267
SENC,0.0000201981,185586204.57
XEL,0.0000408925,91623140.0
ODE,0.0000210163,177479000.832
SXDT,0.000045304,82073518.6244
SHIFT,0.000309986,11979980.2
STK,0.0000107383,341834575.352
HMQ,0.0000223294,162862944.036
BKX,0.000052255,69310369.7779
PHR,0.000280168,12909971.3858
TIO,0.0000400857,89921436.0103
ZPT,0.0000121761,293827778.0
MTH,0.0000163862,217515566.83
BAX,2.47365E-7,14248907134.9
LUN,0.00151224,2297853.07853
GUP,0.0000459214,75000000.0
HAV,0.0000562458,60470766.0554
CFI,0.0000102608,325000000.0
HTML,5.05453E-8,65877343747.5
DAI,0.000109676,30317996.2981
MER,0.0000332126,100000000.0
XDCE,9.47813E-7,3461218448.95
AEON,0.000205846,15775228.0542
LYM,0.0000052312,618643175.003
POT,0.0000145296,219834364.555
AMP,0.0000316489,100728564.0
ZOI,0.000181301,17576029.375
RVN,0.00000333551,953905170.51
CAPP,0.00000765016,413948998.65
RFR,0.00000134525,2353882437.32
DMT,0.0000623081,50216064.1985
PEPECASH,0.00000443589,701884009.0
TAU,0.0000218605,142215728.19
ONION,0.000216463,14358922.3335
NMC,0.000210907,14736400.0
DIME,5.74665E-9,5.3909674056E+11
EVX,0.000187733,16500000.0
TRST,0.0000334161,92147500.0
CRW,0.000166107,18186146.9069
ECC,1.20592E-7,25000000000.0
UP,0.0000211912,141959175.941
1ST,0.0000351246,85558370.5
UNO,0.015018,198568.851519
UUU,5.20133E-7,5721812434.0
MTN,0.0000160634,185000000.0
PRO,0.000170021,17459665.3911
HOT,0.00000777482,380901701.0
MWAT,0.00000709415,415000000.0
UGC,0.00000517554,568842039.121
MSP,0.0000209838,140000000.0
SHIP,0.0000181524,160714979.435
EKT,0.00000829183,350000000.0
ARN,0.000222666,13000000.0
XSH,0.00000600576,481730691.616
SWFTC,0.0000016478,1750000000.0
TIX,0.0000719154,40000000.0
TSL,0.00000493987,582029028.5
ACAT,0.00000102637,2790428084.0
DOCK,0.0000133078,212221521.567
BITB,0.00000112972,2485103000.0
AIDOC,0.00000632856,443330795.695
ZSC,0.00000243057,1153170765.0
FOTA,0.00000689467,400416066.971
BLT,0.0000577892,47674793.963
THC,0.00001195,230478759.763
XSN,0.0000479916,57082485.7285
IOC,0.00016385,16682306.9743
SNC,0.0000228375,119665373.154
HST,0.0000846596,32025998.4158
BERRY,0.0000105655,255628294.061
PPY,0.00067167,3967688.56373
DLT,0.0000309768,85978873.0
BOT,0.0000660881,40000000.0
TCT,0.00000546647,481425335.174
SWH,0.00000527373,490610995.087
RADS,0.000742485,3479533.71752
BLK,0.0000335147,76811574.3907
YEE,0.00000188117,1365218125.0
MDA,0.000129711,19628888.0
PASC,0.00012663,20085900.0
KEY,0.00000132433,1912447545.56
DADI,0.0000324441,77349832.1356
OAX,0.000100263,25009249.58
QBT,0.0000381334,65351403.0
DMD,0.000903103,2757315.37307
NMR,0.00180723,1350466.58735
MTX,0.00010439,23224303.1
OMNI,0.00431764,560936.379321
$PAC,6.78026E-7,3568283045.52
KRM,0.00000134419,1782809241.0
MEDIC,0.0000134223,177839375.512
GRID,0.0000604755,39236491.0
DXT,0.00000607362,390222225.333
LEO,0.0000231556,101743210.921
CV,4.21757E-7,5579008239.61
SPC,0.00000456105,514991706.617
ALQO,0.0000605191,38755899.1242
AIT,0.00000434229,535067071.156
RMT,0.00000458524,500000000.0
MDT,0.00000884145,259149817.866
TGT,0.00000239248,952429892.0
FLASH,0.00000251162,900000000.0
HMC,0.0000055659,404100000.0
LKK,0.00000711708,312625528.02
GRC,0.00000567453,390312753.151
VRC,0.0000714701,30939680.2051
ORME,0.00012969,17029321.0837
CAT,0.0000044019,501394405.74
ATM,4.68711E-7,4660285459.8
RVR,0.0000103892,210000000.0
HVN,0.00000580938,375000000.0
PRA,0.0000438713,49562749.45
COLX,1.99406E-7,10858907275.7
RNT,0.00000914822,235424687.891
SIB,0.000127031,16699349.5545
COV,0.000119823,17500000.0
MOT,0.0000545001,38437637.059
EKO,0.00000560179,372810007.0
LA,0.0000255618,81037294.0886
TFD,0.00000496797,416389859.911
OCT,0.0000687576,30000000.0
BCA,0.000113764,17976787.5
BPT,0.0000392486,51980933.4494
STQ,2.62041E-7,7767544246.55
POSW,0.0000460435,44100000.0
AXP,0.00000764011,265000000.0
HKN,0.000416628,4801249.94793
MOON,8.92694E-9,224050942087
PRG,0.0000303075,65936606.2397
AURA,0.0000194208,101907520.0
UQC,0.000197535,10000000.0
EDR,0.00000222868,886211987.679
PARETO,0.00000825316,236999075.452
DNA,0.0000311716,61938257.1729
SWM,0.0000377091,51113355.2495
PZM,0.00010883,17536907.7
BBN,0.0000121125,156436866.7
INCNT,0.0000409889,46016602.0
NET,0.000177377,10500000.0
BMC,0.0000875137,21153449.7074
EXP,0.000234022,7906396.53078
ZAP,0.0000165329,111748736.316
FAIR,0.00003453,53193831.47
EVE,0.0000291758,62918410.0
DBET,0.0000147282,124294512.323
SLT,0.000358869,5100895.65
FLO,0.0000127242,143762788.71
DIVX,0.00034008,5343206.61546
XWC,0.00000729376,248908799.193
ICOS,0.00315553,568278.462032
STX,0.0000417339,42482288.1048
XRL,0.0000229675,76958957.9434
BITUSD,0.000111445,15853100.0
SRCOIN,3.49468E-7,5052048083.95
FTX,0.0000356344,49503157.2631
TBAR,0.0000405194,43222415.7203
MUE,0.0000134507,130107804.948
SLR,0.0000414165,42177940.5896
XTO,0.00005289,32893237.7405
LMC,0.00000751996,228040318.637
LUX,0.00106744,1598050.0
IDH,0.00000426372,399936258.54
CLAM,0.00056915,2985039.7588
CHSB,0.00000294613,575821132.878
IXT,0.0000472845,35778843.8312
BDG,0.00000476933,354569198.325
DTB,0.0000739998,22747808.5
PLBT,0.000423695,3969564.99833
BEE,0.0000100399,167393546.351
NEOS,0.000438669,3784765.9878
NCT,0.00000112556,1468214569.51
TIPS,7.60387E-9,212269865434
FLIXX,0.0000208388,77161802.0974
BSD,0.00008421,18992025.0
XMY,0.00000101032,1570862750.0
OK,0.0000213737,73984391.8147
BIS,0.000168937,9284974.34114
CVT,0.00000557109,279172874.0
DIM,7.35952E-7,2102485837.33
BITG,0.000522474,2951086.64018
LINDA,1.71151E-7,8994903840.15
RISE,0.000012385,123827765.41
RBY,0.0000595095,25569946.3918
AUC,0.0000923083,16432482.737
CAS,0.00000402305,376581591.489
CREDO,0.00000274226,549891702.891
FLUZ,0.00000735995,204780000.0
SNOV,0.00000371909,404980448.439
NEU,0.0000523684,28722127.0414
EFX,0.00000773789,193668526.316
IPBC,0.0000340625,43566804.6351
ARY,0.0000216563,68430738.22
EVR,0.0000177239,83510764.5507
ENRG,0.000012,121834238.095
NLC2,0.00000699922,207620294.765
DEB,0.0000076694,189283937.47
SWT,0.000177926,8153333.33333
XSPEC,0.0000687906,20785264.0912
CXO,0.0000109327,129071409.35
FLDC,0.0000024051,585880527.0
GETX,0.00000467978,300000000.0
PTOY,0.0000199971,70000000.0
NXC,0.0000208358,66520798.5
GOLOS,0.0000110869,124518891.448
MUSIC,0.00000192952,714877520.0
PST,0.0000266508,51200000.0
DICE,0.000194508,7001622.64879
BBR,0.00011849,11439745.3034
IPSX,0.00000167142,802404381.738
LOC,0.00014426,9292966.0
DRT,0.00000225629,591500000.0
PLU,0.00156495,849999.5
CHP,0.00000702243,189075678.57
QAU,0.00001762,75177665.602
REM,0.0000021996,600295910.023
TUSD,0.00010941,11998507.75
GBX,0.000956624,1370918.00103
BNTY,0.00000952655,136806654.69
DBIX,0.000581774,2232900.913
SIG,0.00000465614,278059001.336
CVCOIN,0.00013083,9837033.0
ART,0.0000424053,30150150.1476
NYC,9.44784E-9,1.3402458876E+11
PURE,0.000158639,7860580.842
WCT,0.000124925,9969597.0
MINT,4.97588E-8,24947260808.0
CAN,0.0000299831,41014392.5906
SYNX,0.0000627671,19531650.0
HAT,0.000231268,5300325.29344
AIR,0.00000116386,1050000000.0
MYST,0.0000625121,19429024.2167
LALA,0.00000648589,185681684.787
GAM,0.00100103,1200279.34883
REBL,0.00000706267,169302649.416
LDC,0.00000152322,784399591.71
XPA,0.0000208354,57177751.2519
MUSE,0.0000787637,14581805.8361
POLIS,0.000605535,1895699.0
XST,0.0000394037,28691453.5853
ALIS,0.0000293027,38538647.0864
LNC,0.00001,112776150.004
HWC,0.000274975,4088747.60391
WRC,0.00000641017,175109299.0
CBT,0.00000647116,173256686.0
FDX,0.00001067,105000000.0
TCC,0.00000677,164925727.0
SPF,0.0000212951,52406425.4959
PUT,0.000025928,43016623.3565
TOA,4.44402E-7,2475649860.08
COFI,0.00000635497,172294294.571
BCC,0.000115168,9482362.85595
OXY,0.0000100725,108262100.337
ATN,0.0000505461,21505323.6364
AUR,0.000125364,8658139.13597
DYN,0.000220015,4899197.22742
TX,0.000167063,6444091.0
XLR,0.00084917,1251031.8747
IPL,0.00000524036,201000000.0
AU,0.00351328,297901.068315
PFR,0.0000117437,88999687.0385
BLUE,0.0000284958,36645278.3876
TIME,0.00146516,710112.8108
SEQ,0.00002245,45586901.7263
XAUR,0.00000803009,127133502.724
IFT,0.00000532396,191381257.0
BWK,0.000153899,6619622.24847
AVT,0.000168782,6000000.0
SPHR,0.0003277,3082940.27603
NPX,0.0000395128,25330000.0
MYB,0.000356092,2799476.19933
INSTAR,0.00000793695,125397697.235
PINK,0.00000258338,381906699.491
ZLA,0.0000255945,38466654.4415
BCY,0.0000423419,23178753.5816
ADB,0.00000203392,480953699.804
EXRN,1.05665E-8,92500000000.0
XNK,0.00000579802,167960777.528
PND,2.99452E-8,32514916897.8
RVT,0.0000370569,26244468.18
ELIX,0.000030357,31496250.3812
HEAT,0.0000281497,33882470.0
PKT,0.0000698005,13631512.4213
HQX,0.0000062643,151118385.658
IOP,0.000268327,3525843.44063
COVAL,9.4E-7,1000000000.0
DTH,0.0000129423,72500000.0
CURE,0.0000393116,23865220.0579
CLR,0.00000116268,800000000.0
ESP,4.296E-8,21509264641.2
ATL,0.0000245664,37551900.8722
TKS,0.000273154,3342540.35396
ERO,0.00000488808,186744000.0
GEO,0.000287773,3170551.1301
EBST,0.00004558,20000000.0
NVC,0.000442999,2057754.64084
RMC,0.6,1507.0
BRX,0.000141661,6268082.49403
XBC,0.00813367,109046.053781
NKC,0.00000658184,134306412.899
VOISE,0.00000170892,516387669.5
B2B,0.0000538915,16304929.3816
ATB,0.0000211361,41509843.236
HBT,0.000064043,13516418.1379
HAC,0.0000026154,324683546.713
GET,0.0000816884,10384393.4012
HXX,0.000528242,1599948.83063
CSNO,0.000012,70000000.0
DOVU,0.0000113828,73793250.3447
ADH,0.00000807398,102421214.28
QWARK,0.0000151141,54633631.2959
SUMO,0.00029198,2827061.45
NVST,0.0000547933,15000000.0
SXUT,0.0000334945,24529557.5131
KORE,0.000403854,2022464.88697
FLAP,7.01189E-9,115862335882
TRF,0.0000104041,77883717.127
HGT,0.00000307403,263034654.051
CAG,0.0000217273,37109986.8163
GLA,0.000070276,11300194.0805
ABY,0.00000100025,792537250.0
UCASH,4.29264E-7,1844678440.94
DOPE,0.00000674737,116845228.0
BUN,7.60448E-9,103007933321
DAN,0.0000288865,26958331.2878
LEV,0.00000654052,118090510.577
OBITS,0.0000492644,15674599.9451
POLL,0.0001084,6999991.0
PING,0.0000754579,9952089.0
PBL,0.0000403775,18582932.5
IDXM,0.372135,2000.0
PRIX,0.000620318,1182667.7806
PIRL,0.0000601196,12115296.0
CHIPS,0.0000346569,20968686.7904
LIFE,4.03262E-8,17979060137.9
INXT,0.0011508,629609.543
GAT,0.0000013634,529861448.67
ASTRO,0.000216539,3313833.18
VIT,0.00000358461,198209591.05
DERO,0.000348898,2014332.0
TIE,0.0000171949,40673606.3697
OPT,0.00000498794,140080548.898
AID,0.0000188663,36907835.8022
BTCZ,4.13143E-7,1661675171.56
PTC,0.00000513069,133748304.414
VIU,9.69569E-7,696968920.98
TFL,0.000108106,6247267.0
KB3,9.29007E-7,725617824.488
XHV,0.000354036,1902257.74653
APX,0.00095103,703179.0
MEME,0.0000299924,22182029.2995
DOT,0.00000223835,296364250.0
LOCI,0.0000180914,36518110.0895
OTN,0.000340445,1925384.35324
MNTP,0.000338791,1914996.84042
SEXC,0.00000100111,645515075.327
GLD,0.000015683,40987628.0
ERC,0.00006381,10057341.4671
SPD,0.0001682,3798943.999
EXCL,0.000139249,4561698.0
PLAY,0.00000529921,119054840.332
SPR,0.0000633497,9955942.72253
BTM,0.0000712971,8666280.0
CAT,0.0000835279,7360121.11185
USNBT,0.0000608529,10077092.7334
MSR,0.000119403,5091506.96726
1WO,0.0000298755,20334367.86
HYP,5E-7,1207769049.42
UNIT,0.0000427022,13711233.5156
TRCT,0.0000223937,25944824.8722
BON,0.000051292,11290301.06
GOOD,0.00000124725,463732924.296
DEV,0.000236287,2435050.87415
CPAY,0.00000848377,67501470.0
LEDU,0.00000259939,217789856.582
AIX,0.0000291145,19321214.0381
BTDX,0.0000253681,21928621.9892
VTR,0.000048,11561802.7057
SETH,0.0000321232,17264983.7759
HUSH,0.000146286,3751937.5
VRM,0.000340967,1597747.0494
MAX,0.00000872882,61445805.0
NIO,0.00000813624,65828135.0
EXY,0.0000196442,27088352.0999
MONK,0.00046292,1142912.34974
NTRN,0.0000150204,35129133.7846
CANN,0.00000683174,77231175.5326
PIPL,0.00000620451,83444258.0716
1337,1.96878E-8,26171471925.0
HORSE,0.00000511583,100475600.0
RIC,0.000012,42815049.9998
WISH,0.0000271805,18825061.5577
J8T,0.00000188242,271484971.578
2GIVE,9.80097E-7,519365620.861
SEND,0.0000158694,32074754.0966
ADST,0.0000260149,19379103.0
GCR,0.00000479,104056120.907
ING,0.0000124418,40000000.0
GCN,3.19872E-9,1.5552806E+11
EZT,0.0000429381,11500000.0
SPRTS,6.95814E-11,7.06556643217E+12
CRB,0.0000285932,16640476.7547
CPY,0.0000210699,22342936.7896
XGOX,2.29997E-7,2045784466.97
BIO,7.55178E-7,621751671.886
STAR,0.00000241845,187500000.0
PBT,0.371828,1250.0
DNR,0.000169758,2736929.30255
BRK,0.000024584,18880320.3466
QRK,0.00000181316,255183067.042
BLITZ,0.00010791,4144100.79267
ZEPH,0.00000352248,125990535.381
UFR,0.0000272918,16085000.0058
TRC,0.0000191103,22729823.7294
DRP,0.00005362,8094002.47
BPL,0.00001914,22293890.0011
SWIFT,0.00010948,3884634.745
ADC,4.78973E-7,886544644.334
ALT,0.00344538,123175.268484
BET,0.00000253001,167270820.688
XMCC,0.000100165,4176297.07113
EGC,0.000031357,13321300.5675
ZEIT,1.11712E-8,36971197471.1
IXC,0.0000196625,20999087.999
SHP,0.0000253957,16230143.6337
PIX,0.00000303966,135322017.0
CRED,0.0000307536,13308864.2711
STAC,0.00000231031,174607188.931
KRB,0.0000694399,5775512.3416
BEZ,0.00000984531,40634684.0
MVC,0.00000399946,100000810.448
SSS,1.7E-7,2344023561.01
UFO,1.09406E-7,3601519387.0
HUC,0.00001747,22451260.0
BUZZ,2.01074E-8,19488101896.7
ZRC,0.000102282,3807146.0
VZT,0.00000796565,48347660.2125
SCL,0.0000230206,16714019.6643
REF,0.000522695,732429.296428
PYLNT,0.00107809,354264.138846
ITNS,8.83701E-7,430625519.03
CRAVE,0.0000247721,15187708.6745
TRUST,0.00001166,32086595.2637
ZER,0.00012417,3002570.0
ODN,0.0000148985,25000000.0
TES,0.00000495,75115763.1256
CMPCO,9.40185E-7,394315548.168
RUP,0.0000150909,24255700.0
LINX,0.000016119,22669135.0
VSL,0.0000109,33390496.0334
DGPT,0.000251238,1402641.39
RUPX,0.0000181122,19431876.5678
VSX,0.00000217605,160559293.535
EVC,0.00001084,31250497.0
XMG,0.000042709,7921001.15539
AMM,0.0000320401,10429980.4519
ZNY,0.00000431827,75614500.0
DAR,0.0000239274,13600388.07
CRC,0.0000716923,4528335.95792
FOR,0.00000263099,123192742.105
EFL,0.0000193445,16588765.0
STA,0.0000614587,5200017.0
JIYO,0.0000126112,25341343.2301
PUT,7.55411E-7,421635297.631
SXC,0.00000250195,126783007.433
GMT,0.00000186105,170309624.822
REAL,0.0000310982,10055817.0
HOLD,9.6E-7,317639935.573
TDX,0.0000317299,9499999.46
TZC,0.000003117,95718600.0
SENSE,0.00000234671,125548234.86
ACE,0.0000318624,9226325.0
TBX,0.0000264223,11086905.8585
CHC,0.0000192,15065867.9966
ARG,0.0000306491,9398740.44495
FRD,0.0000021,135592899.935
NKA,1.9461E-8,14263573645.5
QVT,0.0000392062,7043163.04
808,5.32573E-9,51688636234.3
XBP,9.66614E-7,281780672.167
CREA,0.0000188639,14226521.426
UIS,0.00000453,58801232.9274
SMS,0.00253375,104680.087
HIRE,0.00000818533,32088698.4843
EBTC,0.0000138362,18897126.0
CPC,0.000131027,1990045.0
STAK,0.0000701495,3696450.00027
DAY,0.000389555,664797.740779
MAG,0.0000106413,24220956.4716
NOBL,1.1E-7,2326995510.59
KEK,0.00002399,10638839.0
RAIN,0.00000142,177347621.825
EQT,0.0000237893,10548255.3834
GRFT,0.00000146667,167744693.0
INN,0.00008562,2871474.85182
ELLA,0.0000333267,7337167.5
IND,0.00000650758,36832464.1233
TIG,0.0000164824,14458893.0479
KZC,0.00019001,1247073.80031
FYN,0.000255823,922376.971332
CDN,0.00000239806,97415544.2208
LDOGE,1.55674E-8,14992758544.4
ESZ,0.0000469185,4941599.92769
DP,0.00001183,19590799.0
WAND,0.0000188216,12244134.9651
BRIT,0.0000107839,21268092.1528
FYP,0.000013,17638681.0
KOBO,0.00000900857,24700247.6845
BBP,3.68738E-7,599556024.171
IC,0.000418626,527176.51865
MXT,0.000073246,2958213.41281
EFYT,0.000543882,397300.0
EMV,0.0000327265,6566666.0
LNC,0.00000170922,120140384.183
UNB,0.00008999,2278150.0
YOC,0.00000182655,112194700.277
BTW,0.00000552565,36325371.3184
DEM,0.00000535375,37392650.1866
CL,0.00000278745,70666779.0
BLU,3.35661E-7,574683675.01
MRT,0.0000189318,10000000.0
SAGA,0.0000593,3110138.62779
OCL,0.00000395584,46500000.0
GPU,0.0000044803,40477041.6133
ONG,0.00000719036,25109181.2123
ELE,0.0000069,26084491.2812
SKIN,0.00000203933,88183483.0
VIVO,0.000100518,1774620.0
UNI,0.00000829,21393166.5195
OCC,0.00045722,375711.817939
BYC,0.00008145,2107796.33213
MRJA,0.00001,17096631.3778
NMS,0.0000620218,2750876.85
ELTCOIN,0.00000186248,90000000.0
ARC,0.00000671975,24724221.6109
LATX,0.00000218669,75326186.745
FLIK,0.00000269077,60123682.1681
NDC,0.00000394384,41004200.0
BSM,2.2E-7,733912406.0
LGD,0.0000798862,2000000.0
42,3.59521,41.99997036
MZC,1.4E-7,1055345279.88
FUNK,3.09629E-9,47535907499.3
VULC,2.3E-7,629903573.124
DFS,0.00000817922,17689422.4696
FRST,0.00000462721,31207527.8074
MOIN,0.0000187591,7568732.43874
MCAP,0.0000135099,10490000.0
MEC,0.00000381728,37078324.9931
LOG,0.00001741,8035193.0536
FLT,3.1E-7,436450711.189
UNIC,0.00004462,2997454.8718
GCC,1.80052E-7,734890419.376
JEW,0.000001367,96791003.0809
DFT,0.0000167798,7795184.0586
CTR,0.00000188815,68000000.0
DCY,7.88557E-8,1605993347.77
SKC,0.00000951,13278048.0669
STU,0.00000261482,48043990.7945
XPTX,0.000157424,791076.066285
KLN,0.000177513,700524.0
MAC,0.00000580021,21345725.0
EQL,3.7874E-7,322210929.258
PCN,9.90933E-9,12306145575.5
BTA,0.0000242092,5015687.66015
ESC,0.00005572,2154500.0
RNS,0.00000358,33356076.8072
FJC,8.97636E-8,1310942755.0
GRWI,0.00009879,1183939.30626
GUN,5.5E-7,210877228.0
ICOO,0.000248443,465951.5866
ATS,0.00000129484,89270428.1563
PROC,0.00000117,97982090.7755
STRC,0.00002471,4500000.0
ADZ,0.00000254897,43478866.6714
REC,0.0000086171,12799009.4529
DGC,0.00000377243,28873473.344
DRPU,0.0000308249,3530372.73
ZET,6.42592E-7,167975029.755
ORE,0.00011956,888342.498688
PHO,4.68428E-9,22618168917.6
XLC,0.00000908,11568290.1975
POP,3E-8,3442028335.14
HERO,0.0210795,4773.0
WILD,0.00000409799,24373456.4929
CRC,0.0000706786,1389300.0
BTWTY,96.3117,1.016
ECASH,0.00000693317,14100000.0
UNIFY,0.00000546481,17860830.75
XPD,0.00000151001,63993274.8873
NET,1.2E-7,787126711.552
BITBTC,2.23544,42.0222
QBIC,0.0000613052,1497602.934
START,0.00000200074,45079785.0
EPY,0.0000115542,7696897.92
BTB,0.00239084,37163.273866
UTC,0.0000019,46399676.6257
GUESS,0.00000637,13818334.0
FUCK,0.00000148824,58144264.2948
FST,5.5E-7,156913423.582
DRXNE,0.0000012,71503431.7656
IETH,0.00000459318,17982000.0
CDX,0.00000252739,32550000.0
INSN,0.0000042623,19291845.3208
SCT,0.00001831,4483165.03574
HPC,0.0000057262,14243158.0423
ACC,0.000233038,349925.882171
BDL,4.56105E-7,175583793.0
VOT,0.00000479995,16474625.0
SUR,0.00035555,221488.902611
HBC,0.0000157388,5000000.0
NETKO,0.0000147767,5273265.0
PXC,0.00000117,65970787.7415
CRM,0.00000169084,45108748.7633
ACC,0.0000124535,6119846.38382
MNE,0.0000276826,2751649.93664
WHL,0.00000847,8868680.0
OPC,5.20098E-7,142772092.539
BLOCKPAY,0.0000134772,5428300.0
RBT,3.47633E-7,197581050.118
ARCT,7.9214E-7,85782612.0
LCP,0.0000505,1341742.01235
KURT,0.00000109904,61364813.1
SDRN,0.0000015,44122901.0
MCRN,1.62599E-7,401421400.685
SGR,0.0000186151,3500000.0
BTG,0.00105001,60722.065536
EBET,0.00000744121,8503600.0
LANA,7E-8,896052313.963
XCPO,0.00000397,15746668.2851
MAO,0.0000099,6257004.60264
XCN,1.51039E-7,409623847.244
PLC,1.19059E-8,5172323624.01
ITT,0.00000617174,9799899.14424
BLZ,9.88381E-8,608557393.5
AERM,5.42975E-7,110665325.38
TIT,0.00000114916,49898202.15
KUSH,0.0000102547,5528947.10492
GAIA,0.00000235,24101381.4487
CNT,7.64067E-7,73877868.578
MOJO,0.00000457838,12198110.0
CCRB,0.0000156522,3562111.0
TRUMP,0.00000811349,6599260.39834
MNC,0.0000116041,4432482.88795
RLT,0.00000497997,10217571.4504
GRLC,0.00000525531,9677751.37854
CESC,3.5E-7,144105100.0
SCS,0.000109789,459250.0
BUCKS,0.000124008,395379.9979
CCT,0.00000954784,5113973.37885
CUBE,2E-8,2429126009.17
XBL,0.00001454,3268273.6353
DAXX,9E-8,517612720.0
BIGUP,2.16972E-8,2137572488.88
CJ,1.08876E-7,406568580.908
BITSILVER,0.00199911,21781.8
SCORE,0.00000104,41737500.0
TEK,3E-8,1414054561.52
PAK,7.89748E-7,53578700.0
XCXT,0.00000225152,18674608.5951
CAB,0.000004,10499995.91
TOK,0.00004115,1004244.00033
8BIT,0.000028,1467840.78618
DUO,0.000128003,314718.641345
BTCA,5.5627E-8,700000000.0
BTCRED,0.00000188951,20550000.999
SHND,7.19394E-11,537505773562
GB,0.00000248732,15521471.4078
EVIL,0.00000182218,21020382.7858
VRS,0.00000414628,9115000.0
TKR,0.00000297649,12529746.9482
ETG,0.00000301103,12000000.0
ATOM,0.00000227215,15620188.4129
ZCG,0.0000176684,2007615.0
SRC,0.00000411,8573440.95
BOLI,0.00000348019,10000999.9988
POST,0.00000211409,15868232.6972
GRIM,2.91237E-7,113659106.671
STN,0.0000125089,2621018.55519
NTO,4.957E-7,65802448.0342
TSE,3.6E-7,90421856.2403
BITGOLD,0.171064,189.485
TOKC,2.23114E-7,144337618.202
OTX,0.0000035,8500001.0
VISIO,5.80064E-7,51036775.6958
INFX,0.00001764,1673383.42987
LEA,7.98188E-8,353947095.983
FRC,9.1E-7,30862663.4778
ONX,0.00000101091,27432814.0
DMB,3.4E-7,80716728.211
C2,3.38932E-7,78245974.52
MARS,9.1E-7,28279074.0
KBR,2.23858E-7,114423294.0
DSR,0.0000250115,1012637.0
NRO,4.8E-7,51679469.602
XCT,1.5583E-7,157625875.0
IMX,2.2E-7,109747170.051
300,0.0800002,300.0
SWING,0.00000741175,3230444.71466
VPRC,2.97667E-8,780124964.0
888,4.2099E-7,53852814.2591
HVCO,0.0000148992,1494170.72042
PXI,0.00000105992,20230079.949
EAGLE,0.0000101845,2093420.57293
ECO,0.0000179655,1159830.61137
QBC,0.00000133,15588776.0
ETHD,0.00001382,1500000.0
PNX,0.00000120274,16347234.6436
CRX,2.44379E-7,73729961.9115
SFC,0.00000127553,14083450.0
TRDT,0.000017724,963024.0
XBTS,0.0000110179,1524686.09585
NTWK,0.00000137655,11671310.0
SOON,0.00000121,12462620.0
XCO,0.00000117306,12384976.0
BITEUR,0.0001304,107706.0
STARS,0.00001451,959913.965972
CON,5.8E-7,23042604.0
COAL,0.00000285401,4500000.0
BSTAR,2E-8,630795971.028
LBTC,4.29626E-7,28940332.9695
ERY,0.00000217698,5616315.05796
ZMC,2E-8,600344291.45
YTN,0.00000190273,6250077.51024
CMT,0.0000133806,872830.0
XHI,5.83114E-8,189729990.084
NEWB,2.1238E-7,50000000.0
GP,0.00000838734,1220160.94808
VUC,1.5586E-7,61876500.0
CACH,0.00000226311,4195132.12728
MDC,0.000005,1819611.59961
KRONE,0.00000125,6487086.88734
UET,0.00000193472,3965716.09795
MND,4.7E-7,15867695.0
ZZC,0.00001191,590750.971096
ADCN,2.8E-7,24931054.0
MSCN,1.33171E-7,45143320.3102
RKC,0.00000178,2700000.0
PRC,1.1E-7,20613400.0
DOLLAR,0.00000294,753776.046463
ARGUS,0.00000174238,1148324.048
WOMEN,3E-8,44220400.2887
COUPE,3.09284E-9,218281462.451
VLTC,2E-8,30385540.182
HMC,6.55838E-7,561235.032413
PIZZA,1.3E-7,1377917.18436
FXE,4.04262E-7,235421.1
EBT,7E-8,1264510.7069
AI,2.90754E-8,2281981.07606
GRE,0.00000167,4009052640.89
HDG,0.00035002,3709674.34
BQ,3.6E-7,3112780784.81
ECOB,0.00000247268,444444444.4
KLC,0.00000491,196297971.01
AC,6.1E-7,1484873313.83
RC,0.00005805,8377872.94287
XNN,0.00000151698,300000000.0
ECN,0.00127535,350363.27
ETT,0.0000068733,62131189.6
BASH,5.5E-7,715868298.826
CBX,0.00033135,1013090.07475
REX,0.0000369102,8660756.0
MTNC,0.0000056,50837261.4816
XFT,0.0000573,4602101.0
TRIA,0.000879754,276000.8027
ANC,0.0001,2110316.862
LEAF,1E-8,21080296750.0
ORB,0.000065,3197296.27923
ETBS,0.00014846,1391603.61019
AHT,0.00002498,8000000.0
JC,1.08058E-8,17812557938.9
INPAY,0.000019,10000000.0
NOTE,0.00000121,153826408.26
WDC,0.00000143,119606940.9
BBT,0.00001319,12959035.5883
CARBON,1.00121E-8,15392019771.4
SHORTY,0.00000151,100000000.13
SMLY,5.11082E-9,25960250000.0
GJC,0.0000097852,13449994.7564
MBI,0.00000751302,16822736.0
DEUS,0.00001083,11079837.4514
IFLT,2.70112E-9,44285681622.4
ZENI,1.19285E-7,1000812835.55
V,2.40704E-7,494552843.469
NSR,4.19936E-8,2777600756.0
HTC,1E-8,10996318099.0
I0C,0.00000512,20990593.2422
BXT,0.000179667,588888.0
MBRS,0.00000206,50000000.0
FCN,0.000014,7214401.10446
METAL,0.00000128,76925527.458
BPC,0.00000129,75000000.0
MAGE,0.00001278,7369980.4253
TRI,0.00084435,109818.78698
BRO,0.0000145291,6334622.17391
HBN,0.00000141,64151405.0
PIGGY,1.79307E-7,489721418.072
SDC,0.0000124,6695133.25917
RIYA,0.0000521772,1581531.0
JET,0.0000110705,6823701.25404
ITI,0.00234132,32000.0
TROLL,1.29512E-7,572937155.0
BITS,0.00000316,23079736.7257
BTCS,0.00000422,17135937.5
TAG,0.00001099,6433865.57779
ARCO,0.0000405379,1712471.73715
Q2C,2.7E-7,248683684.814
EBCH,0.00000713717,9285500.0
ARI,2.8E-7,232432480.0
TTC,5E-8,1259816434.0
HODL,3.8E-7,164342925.0
OPAL,0.00000401,15147305.0829
USC,0.00000582308,10343113.0054
SNRG,0.00001623,3612982.1199
HAL,0.00000999,5801580.36532
DSH,0.00000325,17574970.3838
XPY,0.00000473,11886703.3592
NYAN,1.7E-7,322805606.017
VTA,9.90678E-9,5201310113.21
FLY,0.00024,210805.553941
SMC,0.00000207379,24383986.3371
VIDZ,3.96962E-7,125279774.506
WGO,0.00000530866,9312372.0
TALK,7.5E-7,65290634.7332
ERC20,3E-8,1574741156.0
TRK,2.5E-7,183910692.443
SUPER,9.4E-7,48574171.0651
XJO,0.00000126883,35629303.3621
MOTO,0.00000219,19642673.0691
CTX,0.00000102528,39928144.0
MANNA,9.31424E-7,43673072.8608
IRL,0.00000115,35341249.3398
PR,0.00020398,196671.522438
SLG,0.00000934,4241006.37822
GRN,0.00000102,38157650.0
TGC,8.7E-7,43536799.9558
AMBER,8.6E-7,43699480.8066
CASH,7.7E-7,47675905.2508
EL,0.00000327399,11208967.0
DIX,3.64382E-10,1E+11
PHS,0.00000601,6014340.46076
BLC,0.00000233171,15122697.1402
RPC,0.00003764,922074.921699
ISL,0.00002277,1513704.2019
BITZ,0.00001687,1990890.8112
CHESS,6.14683E-7,54032768.6523
BCF,0.00000304,10899085.9173
GAP,0.00000254,12994985.3484
ENT,0.00000784,4200382.45083
DDF,0.00000635,5118307.0
CNO,3E-7,105284048.868
SIGT,2.9E-7,107972765.656
CCN,0.00000653,4701605.23456
HNC,4.60623E-7,66589881.7545
BTCR,1.8E-7,169598616.141
EMD,0.00000159,19117129.3733
CHAN,0.00000364998,8312864.62749
MNM,0.00000317321,9436366.84876
PASL,0.0000058,5022100.0
AMMO,3.7E-7,77777777.0
UNITS,0.0000082566,3472982.5121
SPEX,1E-8,2866607585.84
ICN,9.4E-7,29630318.75
CYP,0.00000423,6365284.67511
XRA,2.20633E-7,122449161.792
SPACE,0.00000120236,22439537.2918
XRE,0.00000115,22736315.0801
NEVA,0.00000900628,2884000.0
PLC,3.3E-7,78368244.4188
DTC,8.1E-7,31112257.2079
NUKO,0.0000021,12000829.33
GOLF,2E-8,1246136783.77
LTB,0.00002601,917787.970226
XIOS,0.0000110661,2149688.36999
IMS,0.00000438643,5368933.59731
RED,3.1E-7,74107896.0
ZUR,2.6E-7,87653034.0003
KED,0.00000116,19510783.4778
GLT,7.73219E-7,27971200.0
BERN,2.92435E-7,71234300.8119
BSTY,0.00000146279,14218924.2492
CAT,0.0000032,6408049.97599
DRS,4E-8,510802960.94
MAD,1E-8,2000683485.05
AMS,3.9E-7,50201886.1654
JIN,0.000002,9960401.87497
REE,7.74789E-9,2560000000.0
QTL,0.00000255,7718882.84599
PX,2E-7,98341177.4921
GLC,3E-7,65171009.975
ELC,0.00004777,407774.251444
MST,0.000030816,630343.24367
B@,0.00000187886,10291781.26
VC,0.00000192,10064286.6495
611,0.00004339,444530.473242
FNC,0.00000147828,12878667.0
CTO,0.00000138,13742738.4041
SHDW,0.0000027,7000000.0
RBIES,0.00000180931,10415251.8921
PKB,0.0000039,4764026.33477
FIRE,0.000177,98411.9359207
YAC,1.4E-7,121605385.0
STV,0.00000235815,7092087.4096
HONEY,0.0000364948,455955.0
AIB,5.1372E-7,32234319.0
ABJ,0.000002,8265187.03915
SCRT,0.00000374,4228671.77935
BOST,0.00000136042,11855487.1682
ICOB,1.5E-7,107048455.121
TAJ,0.0000017,9206615.33654
GTC,5.2E-7,29887402.1779
EVO,0.00000467678,3275504.34812
BUMBA,6.5E-7,22886735.6653
CCO,0.0000102524,1449999.0
BRIA,0.0000199908,742301.801285
DALC,0.0000318191,466297.0
MAY,3.5356E-7,40951200.0
GCC,6.8E-7,20285537.0
HMP,1E-8,1356645469.99
FUNC,0.00000229203,5848581.4093
BTQ,0.00000132,9976225.925
BRAT,8E-8,160000000.0
GLS,0.00000418,3057331.44834
ALL,0.00000204,6199359.3398
XNG,0.00001561,794588.817802
XBTC21,0.0000152,793107.501077
EUC,9.79399E-7,12416554.4504
DLC,0.00000132,9106714.07746
ROOFS,9E-8,130000000.0
XCRE,5.7E-7,20520514.0
ACOIN,0.00000954063,1220084.95666
BTPL,0.00000171,6804362.43682
J,0.00000371,3087712.5
SOIL,0.000002,5702048.0
FLAX,0.00000195,5617217.67188
CPN,5.4E-7,19615019.309
$$$,2.3E-7,45887217.5419
BLRY,0.00000114,8994120.65135
ASAFE2,0.00000126016,8200310.1769
CXT,0.00000115727,8623200.0
PCOIN,0.00000377,2619676.67375
BIP,0.00000595,1627261.18747
DBTC,5.2E-7,17999629.1768
WORM,8E-8,114967231.17
BENJI,4.45768E-7,20276099.1465
BLN,8.678E-7,10000000.0
CF,0.00000353,2444027.5
JS,0.00000107481,7991996.0
VIP,1E-7,83450402.6305
CNNC,0.00000341457,2476892.71923
AGLC,4E-8,209339033.823
MAR,0.000005,1631600.72883
GPL,0.00003167,256526.823088
WARP,0.00000729,1095224.0
MTLMC3,1E-7,79719140.4633
RBX,2.01725E-8,381236123.0
SONG,2.3E-7,32565300.0
BAS,0.00000148824,5000000.0
RIDE,7E-8,101276975.653
QCN,0.000001,7079882.15017
SLEVIN,1E-7,70000000.0245
ITZ,0.00000255,2652018.803
ATX,3.60051E-7,18781749.8844
SH,0.00000102,6624100.0
BNX,2E-7,32640258.2663
FUZZ,0.00000134608,4829945.0
BXC,0.00000109,5756370.90526
JWL,3E-7,20181635.8671
PRX,5.1E-7,11821727.8828
POS,0.00000576,994350.09892
URO,0.00000467,1207310.4
PULSE,3.8E-7,14298971.52
XVP,4.8E-7,10928643.0
KNC,0.0026,2009.0370017
EXN,0.000001,5100000.0
PONZI,0.00000591,861099.0018
DLISK,5E-8,100000000.0
RSGP,0.00282796,1730.70429709
VLT,0.00000865,554855.0
BSC,8.6E-7,5550102.41646
LTCU,0.00000461269,1031300.00006
ZYD,7.4E-7,6243840.00056
LUNA,0.00000267219,1706429.49506
LTCR,1.5E-7,30227750.0256
ARB,5.5E-7,8203320.0
GEERT,8.63574E-7,5091199.615
BIOS,2.1E-7,20821709.0153
STEPS,2.3E-7,18625017.0078
OFF,0.0000016,2623512.70521
PIE,3.6E-7,11048167.3521
LIR,1.1E-7,37104432.4255
MILO,3.71197E-7,10789953.7141
DRM,0.00000159,2471509.57514
ZNE,0.00000152,2581970.38365
TAGR,1E-7,38669633.7974
PLACO,1.1E-7,35120000.0045
BOAT,2E-7,18547845.1
ICON,0.00000621794,592893.53
VEC2,2.1E-7,17214091.9978
IMPS,1.7E-7,20245510.0266
DES,0.000002,1600000.0247
CWXT,5E-8,59630200.0
GBC,2.55873E-7,11361816.7108
VOLT,1.7E-7,16588055.5996
WBB,0.0000147,181919.243597
OS76,0.00000297,894026.0
TOR,0.00000781,316178.500006
CRDNC,7.14573E-7,3427006.17591
ACP,5.5E-7,4394873.80102
PLNC,1.4E-7,17089600.0
SDP,0.0000147,160688.251246
PEX,9E-7,2453240.13869
JOBS,2E-8,106019269.7
SANDG,6.85624E-7,3064800.039
CTIC3,8.23722E-7,2259512.152
XRC,0.00000258524,704882.0
IBANK,3.8E-7,4526324.0
BIOB,0.00000193,885756.274
CONX,0.00000164,744265.711357
ELS,3E-7,4005012.07736
SOCC,8.3E-7,1384878.63473
NANOX,14.5,0.078264
CREVA,3.07455E-8,36390750.0
SLFI,1E-8,107829280.731
P7C,3E-8,35220238.0
NODC,5.9E-7,1678439.03712
GSR,0.00002,46863.9
MGM,2E-7,4219631.3846
CTIC2,6E-8,13532750.0
ULA,0.0000028,213186.595
LVPS,1.89413E-7,2052712.07192
DGCS,5E-8,5826388.00985
TSTR,5E-8,5027856.6437
CALC,3E-8,6651807.52977
CKUSD,0.000105846,-1
WICC,0.000175083,-1
OC,0.00000118499,-1
KCASH,0.0000156196,-1
EPC,0.0000118839,-1
DIG,0.000018774,-1
CAN,0.0000016424,-1
MOAC,0.00121716,-1
IQT,0.00000999156,-1
STC,0.0000111818,-1
XMC,0.00129379,-1
CHAT,0.000014287,-1
ATMC,0.00031375,-1
MOF,0.0000451284,-1
AAC,0.0000119059,-1
TOPC,0.00000468376,-1
MEET,0.00000718288,-1
DRG,0.0000842719,-1
GEM,0.00000276232,-1
EOSDAC,0.0000146452,-1
RCT,0.00000503013,-1
NOAH,0.00000102123,-1
SBTC,0.00243482,-1
BSTN,2.95293E-7,-1
IPC,0.0000539725,-1
LBTC,0.013961,-1
BCX,0.0000023513,-1
OF,1.6424E-7,-1
SHOW,4.12766E-7,-1
KST,0.00000795754,-1
NTK,0.0000649537,-1
UBTC,0.00171817,-1
VLC,0.0000116827,-1
SSC,0.00000672938,-1
FIL,0.00159039,-1
BFT,0.000029796,-1
HBZ,0.00000172208,-1
XTZ,0.000394879,-1
BSR,1.8E-7,-1
FRGC,0.00097405,-1
XUC,0.000759903,-1
XMO,0.00128573,-1
LIGHT,1.53333E-7,-1
HLC,0.0000165674,-1
SCC,0.000006374,-1
AWR,0.00000304514,-1
EARTH,0.00000259301,-1
MAG,0.00000172832,-1
ORI,0.000133942,-1
READ,0.00000259288,-1
FID,0.0000267975,-1
XIN,0.00000146883,-1
PRS,0.0000382667,-1
GRMD,0.0000183752,-1
CMS,0.0000760019,-1
BBI,0.0000582567,-1
QUBE,0.00000380003,-1
WETH,0.0728661,-1
ADI,0.00000158335,-1
FAIR,0.00000383226,-1
RUNNERS,7E-8,-1
PXC,3.90661E-7,-1
MRK,0.0000106816,-1
CMS,0.0000768186,-1
ADK,0.0021,-1
BIG,0.000231489,-1
CVH,0.00000340808,-1
IDT,0.00000543299,-1
CROP,0.0000433555,-1
SWTC,7.3825E-7,-1
BCDN,0.00000464248,-1
ATC,0.00002061,-1
CFUN,0.00000109397,-1
ECH,0.0000327909,-1
OX,7.96225E-8,-1
SBC,4.5E-7,-1
XID,0.0000161841,-1
HPY,0.00000218365,-1
TDS,0.000041833,-1
WIN,0.0000126928,-1
SEN,0.00000273465,-1
UIP,0.00000502137,-1
CHX,0.0000115712,-1
IFC,1.04E-8,-1
AVH,8.68483E-7,-1
XOT,0.136125,-1
BELA,0.00001454,-1
XTL,1.37344E-7,-1
SNIP,1.30221E-7,-1
XSTC,3E-7,-1
B2X,0.000118467,-1
BAR,9.17371E-7,-1
WC,0.00007152,-1
BRM,0.0000103046,-1
ANI,0.00000188,-1
MLM,0.00000216784,-1
PCL,3.79128E-7,-1
PHI,0.0000562167,-1
FDZ,0.00000252438,-1
CANDY,3.72061E-8,-1
W3C,2.5175E-8,-1
GCS,9.37855E-7,-1
BUBO,0.0000053509,-1
ABC,0.0059817,-1
PCS,0.00001175,-1
GOD,0.0045418,-1
ENT,0.00000210189,-1
MFG,0.00000443516,-1
GBG,0.0000103909,-1
SIC,7E-8,-1
AMLT,0.00000537629,-1
CEFS,0.248105,-1
EMB,1.21376E-10,-1
GARY,0.00000999,-1
MSD,0.00000239222,-1
BITCF,0.00001711,-1
CLUB,0.0000555,-1
ZBC,0.00000417963,-1
LST,0.00000105461,-1
APC,2.00616E-7,-1
THS,0.0000336667,-1
TESLA,0.00012983,-1
PRES,0.00000194093,-1
EDT,6.94786E-7,-1
TER,0.00111792,-1
BT2,0.00599896,-1
COR,0.00001728,-1
WA,0.00000103,-1
MCR,0.0000556107,-1
ACC,0.0000254693,-1
ERA,0.00000668557,-1
HC,0.0000140655,-1
TCOIN,2E-8,-1
SPK,0.0000176671,-1
HDLB,0.00000763,-1
XRY,1.02069E-8,-1
SMOKE,0.00000947504,-1
EAG,0.00000305961,-1
SLOTH,6.38044E-10,-1
NEOG,3.6E-7,-1
ZENGOLD,0.00000317396,-1
RBBT,4.31186E-9,-1
DAV,0.00000188,-1
SJCX,0.0000897883,-1
CYDER,3.3E-7,-1
UTT,0.0000416375,-1
TLE,0.000438,-1
BSN,1.1E-7,-1
SONO,0.00006539,-1
BAT,1E-8,-1
NUMUS,3E-8,-1
CLD,0.00000544331,-1
MARX,2.9E-7,-1
EDRC,0.0000110583,-1
PLX,0.00000190541,-1
BLAZR,2.99243E-7,-1
ELITE,0.00003343,-1
SJW,7E-8,-1
TELL,2.45257E-8,-1
MCI,0.000005,-1
INDI,0.0000011,-1
WIC,1.58026E-7,-1
SUP,2.2985E-7,-1
MINEX,0.00000126002,-1
FRN,0.00000478734,-1
FAP,1.1E-7,-1
BET,6.6E-7,-1
NAMO,2E-8,-1
DMC,1.03195E-7,-1
WSX,4.2E-7,-1
AV,0.0000071,-1
EREAL,4.61214E-7,-1
HNC,1.4E-7,-1
BTE,8.59723E-7,-1
XTD,1E-8,-1
INDIA,7E-8,-1
ETT,0.00000515436,-1
STEX,0.000217864,-1
ROYAL,4.6E-7,-1
TURBO,1E-8,-1
SHA,1.4E-7,-1
SAK,2.6E-7,-1
GAY,0.00000208,-1
BTCM,6.27209E-7,-1
HALLO,3.77316E-8,-1
CFC,2.4E-7,-1
QORA,0.000062,-1
DUTCH,8E-8,-1
PRN,2.23236E-9,-1
ZSE,0.00000185,-1
DON,1.3E-7,-1
BTBc,1.3E-7,-1
NOX,0.0000112466,-1
GAIN,2.90373E-7,-1
BIT,0.00000355,-1
GMX,1E-7,-1
REGA,1.4E-7,-1
FONZ,1.2E-7,-1
GDC,3E-8,-1
ANTX,2E-8,-1
LEVO,1.5E-7,-1
UNRC,4.95296E-8,-1
SKULL,3.95681E-7,-1
AKY,3.5E-7,-1
TOPAZ,0.00004,-1
KDC,0.0000019,-1
SISA,0.000001,-1
CME,2E-8,-1
BUB,0.00000202,-1
BIRDS,5E-8,-1
UR,1.2E-7,-1
CYC,1.3E-7,-1
BEST,5.5E-7,-1
UNC,1E-8,-1
RYZ,6.6E-7,-1
ACES,6.21968E-8,-1
GRX,0.00000124984,-1
HIGH,3E-8,-1
TOP,1.6E-7,-1
LDCN,4.6E-7,-1
PRIMU,4E-8,-1
SKR,4.3E-7,-1
MBL,2E-8,-1
TCR,5E-8,-1
UNITY,0.0135302,-1
OMC,0.00001835,-1
LEPEN,1E-8,-1
BITOK,1E-8,-1
AXIOM,0.00000142,-1
CHEAP,8E-8,-1
MAGN,0.00002252,-1
WINK,9.5847E-8,-1
FAZZ,5.3E-7,-1
FUTC,1.8E-7,-1
XQN,3.9E-7,-1
CRYPT,0.00001599,-1
SHELL,0.00000361,-1
DASHS,0.00000404,-1
HYPER,0.00000255,-1
GML,0.00000134,-1
TRICK,0.00000101,-1
SPORT,1.9E-7,-1
DISK,1.2E-7,-1
MONETA,4E-8,-1
RICHX,5.8E-7,-1
ACN,5E-8,-1
PRM,1.5E-7,-1
DBG,2.1E-7,-1
RUBIT,5.1E-7,-1
KARMA,1E-8,-1
CC,2E-8,-1
EGG,0.00000331,-1
DCRE,0.0000224,-1
X2,4E-8,-1
OPES,2.2E-7,-1
PSY,0.00000301,-1
PAYP,1E-8,-1
OP,1.6E-7,-1
HCC,1E-8,-1
LKC,3E-8,-1
XID,5.8E-7,-1
FRWC,3.2E-7,-1
POKE,1E-8,-1
TODAY,8E-8,-1
LAZ,1E-7,-1
RCN,1E-8,-1
QBT,4.2E-7,-1
NBIT,0.00000247,-1
KASHH,1E-8,-1
RHFC,5E-8,-1
ASN,8.5E-7,-1
SIGMA,0.00000220147,-1
XVC,,15418488.0179
FRCT,,-1
